OBJECTID,FID_,OBJECTID_1,OBJECTID_2,PATH,NAME,DATETIME,DIRECTION,GLOBALID,POINT_X,POINT_Y,POINT_Z,POINT_M,SOURCEDATA,F_AREA,ACRES,INSIDE_X,INSIDE_Y,cwd,fog,ppt,tmn,tmx
1,0,1,1,D:\Users\Wildlands\Desktop\QUTO\0F4A0087.jpg,0F4A0087.jpg,2015:05:21 13:32:53,65535,{23ED68C4-6E4A-4131-BCF0-44E060572B32},-119.601755,34.01602667,320.6,1, ,0,0,0,0,925.6199951,0.303663999,505.8800049,7.951000214,22.12929916
2,4,5,5,D:\Users\Wildlands\Desktop\QUTO\0F4A0894.jpg,0F4A0894.jpg,2015:05:22 07:08:38,65535,{4B1A8F1F-E9C1-4310-8858-E73BF933CAB9},-119.592735,34.01072333,368.9,1, ,0,0,0,0,921.1799927,0.352236986,539.6430054,8.33409977,22.69659996
3,10,11,11,D:\Users\Wildlands\Desktop\QUTO\0F4A0900.jpg,0F4A0900.jpg,2015:05:22 07:08:52,65535,{5B7B8FEF-8EFA-447D-9C51-1D6D821C9615},-119.592025,34.01133167,392.6,1, ,0,0,0,0,921.1799927,0.352236986,539.6430054,8.33409977,22.69659996
4,18,19,19,D:\Users\Wildlands\Desktop\QUTO\0F4A0915.jpg,0F4A0915.jpg,2015:05:22 07:11:55,65535,{7C30AEB1-C7EE-4A0F-87EF-A9EA2B8CBD19},-119.59083,34.011145,385.4,1, ,0,0,0,0,918.1530151,0.336796999,542.5029907,8.203900337,22.54039955
5,24,25,25,D:\Users\Wildlands\Desktop\QUTO\0F4A0933.jpg,0F4A0933.jpg,2015:05:05 08:43:07,65535,{71C90EEC-6AAE-40F7-881D-857862774108},-119.5624117,34.026905,171.6,1, ,0,0,0,0,933.9199829,0.234935001,419.0899963,7.796000004,21.84160042
6,33,34,34,D:\Users\Wildlands\Desktop\QUTO\0F4A0942.jpg,0F4A0942.jpg,2015:05:05 08:43:15,65535,{3C916242-00F2-4969-82CB-6413A8055C85},-119.562015,34.02682167,170.2,1, ,0,0,0,0,933.9199829,0.234935001,419.0899963,7.796000004,21.84160042
7,42,43,43,D:\Users\Wildlands\Desktop\QUTO\0F4A1113.jpg,0F4A1113.jpg,2015:05:22 10:26:27,65535,{5ECA6F33-98AB-459C-AB00-4FEF508F6321},-119.5906217,34.03121167,359.6,1, ,0,0,0,0,946.2230225,0.324436992,501.5929871,8.040100098,22.54710007
8,46,47,47,D:\Users\Wildlands\Desktop\QUTO\0F4A1118.jpg,0F4A1118.jpg,2015:05:22 10:26:32,65535,{59195F7E-1874-40D1-827D-9322A1CD6788},-119.590525,34.031075,359.6,1, ,0,0,0,0,946.2230225,0.324436992,501.5929871,8.040100098,22.54710007
9,53,54,54,D:\Users\Wildlands\Desktop\QUTO\0F4A1283-2.jpg,0F4A1283-2.jpg,2015:05:22 12:38:06,65535,{A0C1BBD0-B80F-4767-80CE-C6F41D45BD7E},-119.5981967,34.01742667,90.2,1, ,0,0,0,0,946.3499756,0.273826003,459.3869934,7.868000031,21.86300087
10,56,57,57,D:\Users\Wildlands\Desktop\QUTO\0F4A1291-2.jpg,0F4A1291-2.jpg,2015:05:22 12:38:10,65535,{16D131D9-0AE8-4B95-844D-B104306D3492},-119.5977933,34.01680167,92,1, ,0,0,0,0,930.1569824,0.263740003,491.7269897,7.856599808,21.94190025
11,61,62,62,D:\Users\Wildlands\Desktop\QUTO\0F4A1485.jpg,0F4A1485.jpg,2015:05:22 12:49:33,65535,{C37D9E5E-B206-49FF-B576-06BDC83A4B69},-119.600135,34.017805,259.9,1, ,0,0,0,0,937.5670166,0.235167995,483.4129944,7.923999786,22.03660011
12,69,70,70,D:\Users\Wildlands\Desktop\QUTO\0F4A1493.jpg,0F4A1493.jpg,2015:05:22 12:49:40,65535,{2A286C3E-37F7-45A1-A2DF-587AFCDCC9BD},-119.6000267,34.01783167,261.9,1, ,0,0,0,0,937.5670166,0.235167995,483.4129944,7.923999786,22.03660011
13,77,78,78,D:\Users\Wildlands\Desktop\QUTO\0F4A2377.jpg,0F4A2377.jpg,2015:05:23 06:50:09,65535,{7101C457-3348-4C11-9F67-D9590D286B2C},-119.7624667,34.05762167,110.9,1, ,0,0,0,0,-9999,-9999,-9999,-9999,-9999
14,79,80,80,D:\Users\Wildlands\Desktop\QUTO\0F4A2379.jpg,0F4A2379.jpg,2015:05:23 06:50:10,65535,{3F3F5BAB-8668-47C5-B1E2-30E799FCD72F},-119.76221,34.05742167,104.7,1, ,0,0,0,0,-9999,-9999,-9999,-9999,-9999
15,89,90,90,D:\Users\Wildlands\Desktop\QUTO\0F4A2389.jpg,0F4A2389.jpg,2015:05:23 06:50:28,65535,{8022D721-A56A-465A-95C3-0090869F10AA},-119.7622733,34.057345,112.4,1, ,0,0,0,0,-9999,-9999,-9999,-9999,-9999
16,94,95,95,D:\Users\Wildlands\Desktop\QUTO\0F4A2393.jpg,0F4A2393.jpg,2015:05:06 09:38:27,65535,{CA8DB669-CBED-4CE1-9DC1-06359E0DD5E3},-119.8132983,34.01366667,243.5,1, ,0,0,0,0,893.3800049,0.236634001,526.0430298,5.410200119,24.24900055
17,107,108,108,D:\Users\Wildlands\Desktop\QUTO\0F4A2402.jpg,0F4A2402.jpg,2015:05:06 09:39:58,65535,{343CCF55-7A73-49A2-BB84-E3F3D0D7E384},-119.8199433,34.01602167,249.7,1, ,0,0,0,0,890.0900269,0.173841,519.4799805,5.446000099,24.03569984
18,109,110,110,D:\Users\Wildlands\Desktop\QUTO\0F4A2501-2.jpg,0F4A2501-2.jpg,2015:05:23 07:13:24,65535,{944640B7-DF2A-40E1-BD81-07874837911A},-119.7763617,34.05476667,120.7,1, ,0,0,0,0,939.6069946,0.076538898,417.3970032,6.757999897,21.81189919
19,112,113,113,D:\Users\Wildlands\Desktop\QUTO\0F4A2504-2.jpg,0F4A2504-2.jpg,2015:05:23 07:13:26,65535,{F8023BB6-7710-4EBA-BD26-C936A04C80B6},-119.7767633,34.05420167,123.3,1, ,0,0,0,0,933.4000244,0.226034999,477.3169861,5.961599827,22.73259926
20,126,127,127,D:\Users\Wildlands\Desktop\QUTO\0F4A2518.jpg,0F4A2518.jpg,2015:05:23 07:16:15,65535,{2B5AE082-C86B-4CBB-8414-4762B4054C70},-119.775915,34.05387167,171.1,1, ,0,0,0,0,933.4000244,0.226034999,477.3169861,5.961599827,22.73259926
21,133,134,134,D:\Users\Wildlands\Desktop\QUTO\0F4A2534.jpg,0F4A2534.jpg,2015:05:23 07:18:47,65535,{F89EF826-D624-453C-8999-60B54AFED6CF},-119.7697033,34.05435,211.7,1, ,0,0,0,0,-9999,-9999,-9999,-9999,-9999
22,152,153,153,D:\Users\Wildlands\Desktop\QUTO\0F4A2627.jpg,0F4A2627.jpg,2015:05:23 07:38:58,65535,{68D88817-E33E-4AAC-A087-22636FF471D2},-119.8211567,34.05499167,58.4,1, ,0,0,0,0,-9999,-9999,-9999,-9999,-9999
23,163,164,164,D:\Users\Wildlands\Desktop\QUTO\0F4A2638.jpg,0F4A2638.jpg,2015:05:23 07:39:15,65535,{A1035BC0-8D03-49B7-9E02-161F13ADEAAC},-119.8209967,34.054935,57.7,1, ,0,0,0,0,-9999,-9999,-9999,-9999,-9999
24,180,181,181,D:\Users\Wildlands\Desktop\QUTO\0F4A3306.jpg,0F4A3306.jpg,2015:04:29 07:55:44,65535,{7E2E7CDB-725F-4EF6-9FCF-CF5849D5E6B8},-119.8534383,34.04013667,335.7,1, ,0,0,0,0,892.1270142,0.404702991,572.8699951,5.345600128,23.40519905
25,183,184,184,D:\Users\Wildlands\Desktop\QUTO\0F4A3324.jpg,0F4A3324.jpg,2015:04:29 07:55:54,65535,{52601855-746A-4E20-B442-9E0283241938},-119.8517233,34.040165,333.1,1, ,0,0,0,0,892.1270142,0.404702991,572.8699951,5.345600128,23.40519905
26,187,188,188,D:\Users\Wildlands\Desktop\QUTO\0F4A3333.jpg,0F4A3333.jpg,2015:04:29 07:56:05,65535,{B39F2296-0EA4-449C-B881-B3D1E086E33F},-119.8517067,34.040515,338.4,1, ,0,0,0,0,892.1270142,0.404702991,572.8699951,5.345600128,23.40519905
27,207,208,208,D:\Users\Wildlands\Desktop\QUTO\0F4A3353.jpg,0F4A3353.jpg,2015:04:29 07:56:20,65535,{E5F0BEC4-6687-4736-BB7D-E647B0D77191},-119.8517733,34.040505,342.1,1, ,0,0,0,0,892.1270142,0.404702991,572.8699951,5.345600128,23.40519905
28,212,213,213,D:\Users\Wildlands\Desktop\QUTO\0F4A3409.jpg,0F4A3409.jpg,2015:05:28 10:57:01,65535,{467165E6-0A5E-43A8-B60E-C6C822000FA0},-119.612995,34.01787,180,1, ,0,0,0,0,-9999,-9999,-9999,-9999,-9999
29,235,236,236,D:\Users\Wildlands\Desktop\QUTO\0F4A3432.jpg,0F4A3432.jpg,2015:05:28 10:57:12,65535,{002CEA00-CE67-4A74-A38E-B98A668D2DFD},-119.613145,34.01780833,191.2,1, ,0,0,0,0,-9999,-9999,-9999,-9999,-9999
30,247,248,248,D:\Users\Wildlands\Desktop\QUTO\0F4A3444.jpg,0F4A3444.jpg,2015:05:28 10:57:33,65535,{1DFB785D-A5CC-4476-A027-9B05AD4F1A3A},-119.6133467,34.01792833,192.1,1, ,0,0,0,0,-9999,-9999,-9999,-9999,-9999
31,252,253,253,D:\Users\Wildlands\Desktop\QUTO\0F4A3449.jpg,0F4A3449.jpg,2015:05:28 10:57:43,65535,{28D35D81-9FDB-4D5A-99D4-1B0DDEEB956B},-119.613035,34.01786,192.7,1, ,0,0,0,0,-9999,-9999,-9999,-9999,-9999
32,258,259,259,D:\Users\Wildlands\Desktop\QUTO\0F4A3455.jpg,0F4A3455.jpg,2015:05:28 10:57:59,65535,{2C0FC7D8-4DC1-4E04-AA2E-B9B7D00D152D},-119.6124783,34.01773333,196.7,1, ,0,0,0,0,-9999,-9999,-9999,-9999,-9999
33,273,274,274,D:\Users\Wildlands\Desktop\QUTO\0F4A3491.jpg,0F4A3491.jpg,2015:04:29 09:34:08,65535,{C8C11A75-EAA0-448A-A345-276CD38BE03D},-119.8501717,34.03953167,387.8,1, ,0,0,0,0,883.5300293,0.348609,549.9569702,5.609000206,23.08930016
34,281,282,282,D:\Users\Wildlands\Desktop\QUTO\0F4A3499.jpg,0F4A3499.jpg,2015:04:29 09:34:12,65535,{95C219C3-EA9F-4F87-BB92-3681C5386F92},-119.849565,34.03960333,476.7,1, ,0,0,0,0,883.5300293,0.348609,549.9569702,5.609000206,23.08930016
35,309,310,310,D:\Users\Wildlands\Desktop\QUTO\0F4A3527.jpg,0F4A3527.jpg,2015:04:29 09:34:26,65535,{3DED4959-7693-460B-93C5-D3B246090275},-119.8493133,34.03969,515.6,1, ,0,0,0,0,883.5300293,0.348609,549.9569702,5.609000206,23.08930016
36,313,314,314,D:\Users\Wildlands\Desktop\QUTO\0F4A3536.jpg,0F4A3536.jpg,2015:04:29 09:34:47,65535,{A4A82CB0-EF67-4C72-9993-FC2955295A6A},-119.847765,34.04170833,527.6,1, ,0,0,0,0,888.5469971,0.378601015,572.8900146,5.302899837,22.64889908
37,323,324,324,D:\Users\Wildlands\Desktop\QUTO\0F4A3546.jpg,0F4A3546.jpg,2015:04:29 09:35:08,65535,{02A616AD-B26E-4154-AA3C-0C930103375E},-119.847065,34.04212167,567.4,1, ,0,0,0,0,888.5469971,0.378601015,572.8900146,5.302899837,22.64889908
38,333,334,334,D:\Users\Wildlands\Desktop\QUTO\0F4A3556.jpg,0F4A3556.jpg,2015:04:29 09:35:18,65535,{68DC993D-EDB9-4474-B414-C58707A9BE5D},-119.84708,34.04233333,574.5,1, ,0,0,0,0,887.2269897,0.400979996,572.21698,5.366000175,22.84670067
39,353,354,354,D:\Users\Wildlands\Desktop\QUTO\0F4A3576.jpg,0F4A3576.jpg,2015:04:29 09:35:26,65535,{9F12047C-11BF-4671-94B8-989A1B9F2B17},-119.847445,34.04233167,571.2,1, ,0,0,0,0,887.2269897,0.400979996,572.21698,5.366000175,22.84670067
40,364,365,365,D:\Users\Wildlands\Desktop\QUTO\0F4A3587.jpg,0F4A3587.jpg,2015:04:29 09:35:44,65535,{040D0057-F1A1-419B-BE02-4CBC8DA6933A},-119.8473817,34.04242833,568.7,1, ,0,0,0,0,887.2269897,0.400979996,572.21698,5.366000175,22.84670067
41,390,391,391,D:\Users\Wildlands\Desktop\QUTO\0F4A3613.jpg,0F4A3613.jpg,2015:04:29 09:35:57,65535,{922FD10E-9301-48E6-BA35-8D2DE3F36278},-119.8478217,34.042645,570.6,1, ,0,0,0,0,887.2269897,0.400979996,572.21698,5.366000175,22.84670067
42,399,400,400,D:\Users\Wildlands\Desktop\QUTO\0F4A3628.jpg,0F4A3628.jpg,2015:04:29 09:36:11,65535,{ADCB03C4-69B0-49B5-B513-9195D835FCD9},-119.848705,34.04267833,561.7,1, ,0,0,0,0,894.1030273,0.415955991,567.6530151,5.505599976,23.03790092
43,425,426,426,D:\Users\Wildlands\Desktop\QUTO\0F4A3654.jpg,0F4A3654.jpg,2015:04:29 09:36:36,65535,{5A906F79-9A12-4DD6-BA3B-39769D043713},-119.8487817,34.04331167,552.6,1, ,0,0,0,0,894.1030273,0.415955991,567.6530151,5.505599976,23.03790092
44,438,439,439,D:\Users\Wildlands\Desktop\QUTO\0F4A3667.jpg,0F4A3667.jpg,2015:04:29 09:36:42,65535,{2AFDCA51-D822-480B-8FAE-BD4247F36FD9},-119.8496383,34.04387833,548.3,1, ,0,0,0,0,894.1030273,0.415955991,567.6530151,5.505599976,23.03790092
45,464,465,465,D:\Users\Wildlands\Desktop\QUTO\0F4A3693.jpg,0F4A3693.jpg,2015:04:29 09:36:57,65535,{50F51E81-CD40-45A4-8099-81699F39F1E6},-119.8502967,34.04373667,539.5,1, ,0,0,0,0,894.1030273,0.415955991,567.6530151,5.505599976,23.03790092
46,479,480,480,D:\Users\Wildlands\Desktop\QUTO\0F4A3708.jpg,0F4A3708.jpg,2015:04:29 09:37:11,65535,{CFE37BEC-383F-49E2-8148-23BA3CE158D3},-119.8509017,34.04395167,532.6,1, ,0,0,0,0,894.1030273,0.415955991,567.6530151,5.505599976,23.03790092
47,487,488,488,D:\Users\Wildlands\Desktop\QUTO\0F4A3721.jpg,0F4A3721.jpg,2015:04:29 09:37:33,65535,{7F50BB3D-5C40-42A0-9E4F-AFB6A7A33F96},-119.85106,34.043745,533.6,1, ,0,0,0,0,895.460022,0.401924014,574.4970093,5.346099854,23.83270073
48,495,496,496,D:\Users\Wildlands\Desktop\QUTO\0F4A3729.jpg,0F4A3729.jpg,2015:04:29 09:37:49,65535,{70FB53B0-3A46-4013-9081-0598918AC3D3},-119.8517733,34.04381333,537.8,1, ,0,0,0,0,895.460022,0.401924014,574.4970093,5.346099854,23.83270073
49,505,506,506,D:\Users\Wildlands\Desktop\QUTO\0F4A3739.jpg,0F4A3739.jpg,2015:04:29 09:38:06,65535,{BDDF2FD8-40B8-488D-9A3C-C9A0EDCC4FA3},-119.8525533,34.04427,536.9,1, ,0,0,0,0,895.460022,0.401924014,574.4970093,5.346099854,23.83270073
50,509,510,510,D:\Users\Wildlands\Desktop\QUTO\0F4A3743.jpg,0F4A3743.jpg,2015:04:29 09:38:21,65535,{836AF3FF-E793-487F-9F3C-6D2D9A57242F},-119.8534683,34.04399833,534.9,1, ,0,0,0,0,895.460022,0.401924014,574.4970093,5.346099854,23.83270073
51,513,514,514,D:\Users\Wildlands\Desktop\QUTO\0F4A3747.jpg,0F4A3747.jpg,2015:04:29 09:38:32,65535,{E56A0CF6-796B-4D96-BD73-485F73C36006},-119.8550917,34.04539667,535.3,1, ,0,0,0,0,894.7130127,0.328397989,575.4429932,5.454599857,23.93400002
52,524,525,525,D:\Users\Wildlands\Desktop\QUTO\0F4A3758.jpg,0F4A3758.jpg,2015:04:29 09:38:44,65535,{EB284BA4-9C4F-4866-AF29-D7F354FA6F61},-119.8561717,34.04530667,536.3,1, ,0,0,0,0,894.7130127,0.328397989,575.4429932,5.454599857,23.93400002
53,535,536,536,D:\Users\Wildlands\Desktop\QUTO\0F4A3771.jpg,0F4A3771.jpg,2015:04:29 09:39:33,65535,{C1A749AC-4F46-42DF-889F-FF4590ED7602},-119.8562017,34.04551333,572.5,1, ,0,0,0,0,894.7130127,0.328397989,575.4429932,5.454599857,23.93400002
54,544,545,545,D:\Users\Wildlands\Desktop\QUTO\0F4A3780.jpg,0F4A3780.jpg,2015:04:29 09:39:47,65535,{B5FFE19C-04B5-49A4-AD0B-8C275C5740C5},-119.856955,34.04534167,570.7,1, ,0,0,0,0,897.8870239,0.338456988,570.039978,5.421299934,23.92609978
55,559,560,560,D:\Users\Wildlands\Desktop\QUTO\0F4A3799.jpg,0F4A3799.jpg,2015:04:29 09:41:11,65535,{BE1956D1-E33A-4728-86C7-6F01EF3F59B5},-119.8468483,34.04059833,547.8,1, ,0,0,0,0,888.5469971,0.378601015,572.8900146,5.302899837,22.64889908
56,569,570,570,D:\Users\Wildlands\Desktop\QUTO\0F4A3811.jpg,0F4A3811.jpg,2015:04:29 09:41:29,65535,{59F2A115-DCFA-403C-8BDA-E6B88CBAB998},-119.84656,34.04023,572.6,1, ,0,0,0,0,888.5469971,0.378601015,572.8900146,5.302899837,22.64889908
57,584,585,585,D:\Users\Wildlands\Desktop\QUTO\0F4A3839.jpg,0F4A3839.jpg,2015:04:29 09:42:33,65535,{660EDD42-0D13-4A10-8FAC-93662A5FD90B},-119.8442083,34.03671,569.7,1, ,0,0,0,0,897.6099854,0.281424999,551.2930298,5.477900028,23.64929962
58,598,599,599,D:\Users\Wildlands\Desktop\QUTO\0F4A3853.jpg,0F4A3853.jpg,2015:04:29 09:42:43,65535,{037166B2-632D-4D0B-B652-D3CA8CC36B65},-119.8448183,34.03597167,520.1,1, ,0,0,0,0,897.6099854,0.281424999,551.2930298,5.477900028,23.64929962
59,606,607,607,D:\Users\Wildlands\Desktop\QUTO\0F4A3861.jpg,0F4A3861.jpg,2015:04:29 09:43:00,65535,{257C764F-5679-4E10-A8A4-701638A9A8AC},-119.8442667,34.03612333,506.7,1, ,0,0,0,0,897.6099854,0.281424999,551.2930298,5.477900028,23.64929962
60,617,618,618,D:\Users\Wildlands\Desktop\QUTO\0F4A4184.jpg,0F4A4184.jpg,2015:05:23 09:53:27,65535,{8AB878BB-A06B-41F8-A406-8E767F965ABA},-119.8426533,34.03989833,604.5,1, ,0,0,0,0,906.0269775,0.364481986,558.3629761,5.296000004,23.18639946
61,625,626,626,D:\Users\Wildlands\Desktop\QUTO\0F4A4248.jpg,0F4A4248.jpg,2015:05:23 10:06:05,65535,{620E1A31-9E35-47B3-A734-EAF5641A902B},-119.7466817,34.03845333,225.4,1, ,0,0,0,0,933.0800171,0.187086999,506.0369873,5.953000069,22.76189995
62,630,631,631,D:\Users\Wildlands\Desktop\QUTO\0F4A4313.jpg,0F4A4313.jpg,2015:05:23 10:15:09,65535,{F435A77E-D09B-4671-9CDF-36EDA4D6A30D},-119.7584467,34.03653167,262.6,1, ,0,0,0,0,895.4829712,0.255147994,587.5570068,5.200799942,23.39279938
63,637,638,638,D:\Users\Wildlands\Desktop\QUTO\0F4A4383.jpg,0F4A4383.jpg,2015:05:23 10:21:50,65535,{2C44ADBA-BD01-420D-B19D-29D520BFD25A},-119.7764583,34.03839667,480,1, ,0,0,0,0,885.4470215,0.261256993,590.6300049,5.256700039,23.41460037
64,642,643,643,D:\Users\Wildlands\Desktop\QUTO\0F4A4388-2.jpg,0F4A4388-2.jpg,2015:05:23 10:21:51,65535,{4CF099F4-FB19-418E-85B6-DFDCF863272F},-119.7739383,34.03826167,466.6,1, ,0,0,0,0,881.507019,0.284700006,570.7030029,5.326600075,23.48469925
65,652,653,653,D:\Users\Wildlands\Desktop\QUTO\0F4A4720.jpg,0F4A4720.jpg,2015:05:23 12:31:21,65535,{D9A816E0-20F8-420E-B61D-DBAB7B5F07AC},-119.8383283,34.03635,631.1,1, ,0,0,0,0,910.6069946,0.320764005,567.7000122,5.561600208,23.46479988
66,655,656,656,D:\Users\Wildlands\Desktop\QUTO\0F4A4725.jpg,0F4A4725.jpg,2015:05:23 12:32:10,65535,{F586BBB6-3981-45C4-BB35-5BD3AD4C164E},-119.8458233,34.04005,630.8,1, ,0,0,0,0,888.5469971,0.378601015,572.8900146,5.302899837,22.64889908
67,660,661,661,D:\Users\Wildlands\Desktop\QUTO\0F4A4730.jpg,0F4A4730.jpg,2015:05:23 12:32:19,65535,{9278BBC8-5E8E-4AC2-8E1F-CD6936C1380F},-119.8459167,34.04021333,628.9,1, ,0,0,0,0,888.5469971,0.378601015,572.8900146,5.302899837,22.64889908
68,688,689,689,D:\Users\Wildlands\Desktop\QUTO\0F4A4758.jpg,0F4A4758.jpg,2015:05:23 12:32:42,65535,{5A6F0357-5497-4A46-9006-651FDCB0DE56},-119.845885,34.04007833,630.3,1, ,0,0,0,0,888.5469971,0.378601015,572.8900146,5.302899837,22.64889908
69,700,701,701,D:\Users\Wildlands\Desktop\QUTO\0F4A4783.jpg,0F4A4783.jpg,2015:05:23 12:33:09,65535,{9B9002E8-BC5F-4160-9963-D6999B8CCBDC},-119.8429583,34.04084333,658.8,1, ,0,0,0,0,906.0269775,0.364481986,558.3629761,5.296000004,23.18639946
70,713,714,714,D:\Users\Wildlands\Desktop\QUTO\0F4A4796-2.jpg,0F4A4796-2.jpg,2015:05:23 12:34:49,65535,{0C0050A1-F31F-42F5-B0E3-C0AC25D98D84},-119.8381417,34.03587,592.9,1, ,0,0,0,0,910.6069946,0.320764005,567.7000122,5.561600208,23.46479988
71,725,726,726,D:\Users\Wildlands\Desktop\QUTO\0F4A4830.jpg,0F4A4830.jpg,2015:05:18 09:32:45,65535,{347183DB-2887-4C43-A895-BC7F00C65EBD},-119.5746133,34.01851333,544.5,1, ,0,0,0,0,934.1669922,0.312604994,546.6669922,8.235600471,23.41769981
72,746,747,747,D:\Users\Wildlands\Desktop\QUTO\0F4A4851.jpg,0F4A4851.jpg,2015:05:18 09:33:59,65535,{68B53BCA-7567-4544-BE25-487ECE04DAC0},-119.5682317,34.018935,440.4,1, ,0,0,0,0,923.6699829,0.323978007,508.5400085,8.072400093,22.95809937
73,751,752,752,D:\Users\Wildlands\Desktop\QUTO\0F4A4856.jpg,0F4A4856.jpg,2015:05:18 09:34:00,65535,{B9B0A04C-F5BF-4866-9872-41AB28DFB34B},-119.5704433,34.01806,416.6,1, ,0,0,0,0,935.0499878,0.311094999,553.6099854,8.17140007,23.54210091
74,761,762,762,D:\Users\Wildlands\Desktop\QUTO\0F4A4868.jpg,0F4A4868.jpg,2015:05:18 09:34:49,65535,{AF55AAD0-5F6E-44EC-BE9C-FBC12A72B890},-119.5726367,34.019855,437.5,1, ,0,0,0,0,921.4069824,0.311223,513.7869873,8.059900284,23.01819992
75,777,778,778,D:\Users\Wildlands\Desktop\QUTO\0F4A4917-2.jpg,0F4A4917-2.jpg,2015:05:18 09:47:24,65535,{458D6735-C2CE-4FE2-A66E-49445CA674BC},-119.5999867,34.03699333,197.5,1, ,0,0,0,0,-9999,-9999,-9999,-9999,-9999
76,781,782,782,D:\Users\Wildlands\Desktop\QUTO\0F4A4921.jpg,0F4A4921.jpg,2015:05:18 09:47:25,65535,{F6C9916B-A809-4585-B994-9820CD5066D9},-119.5986667,34.03685333,197.5,1, ,0,0,0,0,959.0200195,0.287609994,455.5469971,7.929100037,22.26819992
77,792,793,793,D:\Users\Wildlands\Desktop\QUTO\0F4A4932.jpg,0F4A4932.jpg,2015:05:18 09:49:23,65535,{7084491D-02B4-4F73-8208-03A85421C70E},-119.6049183,34.03816667,83.4,1, ,0,0,0,0,-9999,-9999,-9999,-9999,-9999
78,795,796,796,D:\Users\Wildlands\Desktop\QUTO\0F4A4935.jpg,0F4A4935.jpg,2015:05:18 09:49:26,65535,{3274C79A-3225-4A13-8A7E-DF3CFB5BAB61},-119.603825,34.03787,93.4,1, ,0,0,0,0,-9999,-9999,-9999,-9999,-9999
79,809,810,810,D:\Users\Wildlands\Desktop\QUTO\0F4A5137-2.jpg,0F4A5137-2.jpg,2015:05:10 07:21:51,65535,{3EC39AB1-D976-4A8C-AF31-1D92C54B8F2A},-119.84485,34.05929167,212.7,1, ,0,0,0,0,943.960022,0.184919998,508.9899902,5.882400036,23.16460037
80,820,821,821,D:\Users\Wildlands\Desktop\QUTO\0F4A5148-2.jpg,0F4A5148-2.jpg,2015:05:10 07:21:56,65535,{4DDB295D-8FF0-4CB2-9BB2-67BAAA55733F},-119.8454817,34.05786333,256.8,1, ,0,0,0,0,935.5469971,0.246939003,510.3500061,5.92509985,23.10720062
81,824,825,825,D:\Users\Wildlands\Desktop\QUTO\0F4A5159-2.jpg,0F4A5159-2.jpg,2015:05:10 07:25:35,65535,{5B851F27-79B6-47CB-A286-34C4D49EC31C},-119.84643,34.05602667,229.9,1, ,0,0,0,0,909.7600098,0.240737006,552.0670166,5.45909977,23.69389915
82,840,841,841,D:\Users\Wildlands\Desktop\QUTO\0F4A5175-2.jpg,0F4A5175-2.jpg,2015:05:10 07:26:53,65535,{0EE086C7-5371-495D-8A96-18D248056A03},-119.84165,34.05906167,262.1,1, ,0,0,0,0,956.0269775,0.190178007,480.4070129,6.233399868,22.76840019
83,848,849,849,D:\Users\Wildlands\Desktop\QUTO\0F4A5199.jpg,0F4A5199.jpg,2015:05:10 07:34:43,65535,{68EE0463-8E0F-49D2-BF4F-1158428D2425},-119.8548617,34.046325,477.9,1, ,0,0,0,0,894.7130127,0.328397989,575.4429932,5.454599857,23.93400002
84,867,868,868,D:\Users\Wildlands\Desktop\QUTO\0F4A5218.jpg,0F4A5218.jpg,2015:05:10 07:35:00,65535,{11AB4C11-1572-4EFA-8A40-DDD0548526E2},-119.8561617,34.04590833,492.1,1, ,0,0,0,0,894.7130127,0.328397989,575.4429932,5.454599857,23.93400002
85,873,874,874,D:\Users\Wildlands\Desktop\QUTO\0F4A5232.jpg,0F4A5232.jpg,2015:05:10 07:35:13,65535,{F4087D56-48DF-4519-914F-09861202215D},-119.8564617,34.045765,503.3,1, ,0,0,0,0,894.7130127,0.328397989,575.4429932,5.454599857,23.93400002
86,885,886,886,D:\Users\Wildlands\Desktop\QUTO\0F4A5244.jpg,0F4A5244.jpg,2015:05:10 07:35:27,65535,{907F3615-18A6-4766-A2D8-692B39EFFD4F},-119.8568283,34.045225,520,1, ,0,0,0,0,897.8870239,0.338456988,570.039978,5.421299934,23.92609978
87,896,897,897,D:\Users\Wildlands\Desktop\QUTO\0F4A5256.jpg,0F4A5256.jpg,2015:05:10 07:35:49,65535,{D11EE7C7-F9DA-4166-A2D8-0484C2009C05},-119.8570717,34.04513167,541.3,1, ,0,0,0,0,897.8870239,0.338456988,570.039978,5.421299934,23.92609978
88,908,909,909,D:\Users\Wildlands\Desktop\QUTO\0F4A5269-2.jpg,0F4A5269-2.jpg,2015:05:18 14:30:58,65535,{DB80567A-8EA8-4158-8DA0-32B7440920BF},-119.5921033,34.01100833,415.2,1, ,0,0,0,0,921.1799927,0.352236986,539.6430054,8.33409977,22.69659996
89,923,924,924,D:\Users\Wildlands\Desktop\QUTO\0F4A5284-2.jpg,0F4A5284-2.jpg,2015:05:18 14:31:15,65535,{47842161-63AD-409D-BD24-D87141ABB24B},-119.592635,34.01126167,420.8,1, ,0,0,0,0,921.1799927,0.352236986,539.6430054,8.33409977,22.69659996
90,937,938,938,D:\Users\Wildlands\Desktop\QUTO\0F4A5298-2.jpg,0F4A5298-2.jpg,2015:05:18 14:31:30,65535,{7B1D3192-BF22-449F-9FED-4A6EA27D94A1},-119.592765,34.01119667,421.5,1, ,0,0,0,0,921.1799927,0.352236986,539.6430054,8.33409977,22.69659996
91,947,948,948,D:\Users\Wildlands\Desktop\QUTO\0F4A5308-2.jpg,0F4A5308-2.jpg,2015:05:18 14:31:45,65535,{2ADEDD14-58A5-4912-B4A4-C02E4C28D554},-119.5930783,34.01095333,424.3,1, ,0,0,0,0,921.1799927,0.352236986,539.6430054,8.33409977,22.69659996
92,949,950,950,D:\Users\Wildlands\Desktop\QUTO\0F4A5314.jpg,0F4A5314.jpg,2015:05:10 08:12:56,65535,{CB39A793-3E92-4EAE-8D51-A9D7ABABB2A4},-119.831375,34.03504,544.1,1, ,0,0,0,0,899.7329712,0.373389006,557.0430298,5.618800163,23.71459961
93,966,967,967,D:\Users\Wildlands\Desktop\QUTO\0F4A5345.jpg,0F4A5345.jpg,2015:05:10 08:13:23,65535,{4529F3F5-28F0-4749-82F1-7832A1B015C3},-119.83014,34.036055,524.4,1, ,0,0,0,0,898.1900024,0.364012003,552.0869751,5.573299885,23.4428997
94,975,976,976,D:\Users\Wildlands\Desktop\QUTO\0F4A5354.jpg,0F4A5354.jpg,2015:05:10 08:13:34,65535,{B8CC90CE-E24F-4A6D-8343-1E51D03F65DD},-119.8308383,34.03575,530.8,1, ,0,0,0,0,899.7329712,0.373389006,557.0430298,5.618800163,23.71459961
95,977,978,978,D:\Users\Wildlands\Desktop\QUTO\0F4A5376.jpg,0F4A5376.jpg,2015:05:10 08:16:10,65535,{F9229573-E05C-4E60-B935-7CBC2567F7D9},-119.83385,34.03849167,586.3,1, ,0,0,0,0,894.3469849,0.315706998,563.5999756,5.58739996,23.54999924
96,995,996,996,D:\Users\Wildlands\Desktop\QUTO\0F4A5394.jpg,0F4A5394.jpg,2015:05:10 08:18:44,65535,{87FC1E06-1563-4382-8E56-77CDE1CD2764},-119.8337617,34.04012833,499.6,1, ,0,0,0,0,898.0269775,0.322284013,554.710022,5.499199867,23.5909996
97,999,1000,1000,D:\Users\Wildlands\Desktop\QUTO\0F4A5398.jpg,0F4A5398.jpg,2015:05:10 08:18:50,65535,{9E2AC31F-39E3-417E-A725-D46ACDD11814},-119.83414,34.04022333,522.1,1, ,0,0,0,0,898.0269775,0.322284013,554.710022,5.499199867,23.5909996
98,1005,1006,1006,D:\Users\Wildlands\Desktop\QUTO\0F4A5411.jpg,0F4A5411.jpg,2015:05:10 08:19:18,65535,{A30EA984-4ACE-478C-A1E3-0F603142815B},-119.8325233,34.04250667,455,1, ,0,0,0,0,911.2869873,0.278104991,528.1669922,5.736700058,23.31529999
99,1017,1018,1018,D:\Users\Wildlands\Desktop\QUTO\0F4A5423.jpg,0F4A5423.jpg,2015:05:10 08:19:43,65535,{62D39617-13FD-48EB-A4BE-8A5D02323783},-119.8345467,34.042155,444.4,1, ,0,0,0,0,898.0269775,0.322284013,554.710022,5.499199867,23.5909996
100,1027,1028,1028,D:\Users\Wildlands\Desktop\QUTO\0F4A5433.jpg,0F4A5433.jpg,2015:05:10 08:19:48,65535,{80226D2E-DDE7-4617-A710-A4B7ABB25804},-119.8350467,34.04174667,460.1,1, ,0,0,0,0,898.0269775,0.322284013,554.710022,5.499199867,23.5909996
101,1028,1029,1029,D:\Users\Wildlands\Desktop\QUTO\0F4A5434.jpg,0F4A5434.jpg,2015:05:10 08:20:06,65535,{53654838-FE76-45B7-BB13-1617D740A79B},-119.83463,34.04200167,462.2,1, ,0,0,0,0,898.0269775,0.322284013,554.710022,5.499199867,23.5909996
102,1061,1062,1062,D:\Users\Wildlands\Desktop\QUTO\0F4A5467.jpg,0F4A5467.jpg,2015:05:10 08:20:17,65535,{A8109BDA-1A94-420A-B2EE-CAA36FFB48A6},-119.8350567,34.04171833,462,1, ,0,0,0,0,898.0269775,0.322284013,554.710022,5.499199867,23.5909996
103,1065,1066,1066,D:\Users\Wildlands\Desktop\QUTO\0F4A5483.jpg,0F4A5483.jpg,2015:05:10 08:21:13,65535,{51BF64DC-42CF-4E5D-83ED-2AFAC3B0C0D8},-119.8385217,34.04044667,538.4,1, ,0,0,0,0,884.4769897,0.306281,558.572998,5.484200001,23.33239937
104,1069,1070,1070,D:\Users\Wildlands\Desktop\QUTO\0F4A5496.jpg,0F4A5496.jpg,2015:05:10 08:21:18,65535,{287BC789-6F7F-4D7D-A6EA-EE076D3BE507},-119.83871,34.040025,543.3,1, ,0,0,0,0,884.4769897,0.306281,558.572998,5.484200001,23.33239937
105,1086,1087,1087,D:\Users\Wildlands\Desktop\QUTO\0F4A5513.jpg,0F4A5513.jpg,2015:05:10 08:21:34,65535,{A76443FA-ABD0-48B7-8F03-5E8C55DF55F3},-119.83979,34.039345,577.6,1, ,0,0,0,0,909.4500122,0.287880003,564.1870117,5.295100212,23.48089981
106,1099,1100,1100,D:\Users\Wildlands\Desktop\QUTO\0F4A5526.jpg,0F4A5526.jpg,2015:05:10 08:22:51,65535,{B2CA378F-357D-4BBA-931A-138CEF23107F},-119.8400483,34.04277333,525.6,1, ,0,0,0,0,870.9730225,0.341187,574.4699707,5.390699863,23.32279968
107,1101,1102,1102,D:\Users\Wildlands\Desktop\QUTO\0F4A5528.jpg,0F4A5528.jpg,2015:05:10 08:23:08,65535,{1FE45ED3-28E0-42F6-AC10-BAE67046F549},-119.84009,34.04279167,524.5,1, ,0,0,0,0,870.9730225,0.341187,574.4699707,5.390699863,23.32279968
108,1105,1106,1106,D:\Users\Wildlands\Desktop\QUTO\0F4A5532.jpg,0F4A5532.jpg,2015:05:10 08:23:19,65535,{920DA0AD-46AF-46EA-8279-BABF4CBBCC7C},-119.8400917,34.04279333,524.7,1, ,0,0,0,0,870.9730225,0.341187,574.4699707,5.390699863,23.32279968
109,1109,1110,1110,D:\Users\Wildlands\Desktop\QUTO\0F4A5536.jpg,0F4A5536.jpg,2015:05:10 08:23:39,65535,{4FDB4B42-231A-4442-BFC6-9E42922F0A8C},-119.8401117,34.04276167,525.9,1, ,0,0,0,0,870.9730225,0.341187,574.4699707,5.390699863,23.32279968
110,1112,1113,1113,D:\Users\Wildlands\Desktop\QUTO\0F4A5539.jpg,0F4A5539.jpg,2015:05:10 08:24:16,65535,{887DCE43-BF1F-4B9B-81FB-1A9D781025FA},-119.840175,34.042715,526.4,1, ,0,0,0,0,870.9730225,0.341187,574.4699707,5.390699863,23.32279968
111,1113,1114,1114,D:\Users\Wildlands\Desktop\QUTO\0F4A5540.jpg,0F4A5540.jpg,2015:05:10 08:24:19,65535,{80520639-4729-4BA2-99CA-7E9454B6BD39},-119.8402417,34.04271667,526.7,1, ,0,0,0,0,870.9730225,0.341187,574.4699707,5.390699863,23.32279968
112,1115,1116,1116,D:\Users\Wildlands\Desktop\QUTO\0F4A5542.jpg,0F4A5542.jpg,2015:05:10 08:24:34,65535,{CE31DAE5-2C2E-4394-9B0C-8D54843154AE},-119.8402433,34.04271833,526.3,1, ,0,0,0,0,870.9730225,0.341187,574.4699707,5.390699863,23.32279968
113,1117,1118,1118,D:\Users\Wildlands\Desktop\QUTO\0F4A5544.jpg,0F4A5544.jpg,2015:05:10 08:24:48,65535,{63218165-8813-4EE8-805A-0E72D5896732},-119.8402767,34.04271167,527.3,1, ,0,0,0,0,870.9730225,0.341187,574.4699707,5.390699863,23.32279968
114,1120,1121,1121,D:\Users\Wildlands\Desktop\QUTO\0F4A5587.jpg,0F4A5587.jpg,2015:05:10 08:31:44,65535,{F76B3A0B-9520-45F8-AF89-396B5D12A643},-119.8397467,34.04286,517.6,1, ,0,0,0,0,870.9730225,0.341187,574.4699707,5.390699863,23.32279968
115,1122,1123,1123,D:\Users\Wildlands\Desktop\QUTO\0F4A5589.jpg,0F4A5589.jpg,2015:05:10 08:31:54,65535,{3F2CEADD-BF43-4687-A691-0C70D114140F},-119.8396933,34.04290167,516.1,1, ,0,0,0,0,870.9730225,0.341187,574.4699707,5.390699863,23.32279968
116,1124,1125,1125,D:\Users\Wildlands\Desktop\QUTO\0F4A5591.jpg,0F4A5591.jpg,2015:05:10 08:32:11,65535,{DE3CCE0A-65B4-4E43-BBE6-854DC38E5E77},-119.83969,34.042905,515.6,1, ,0,0,0,0,870.9730225,0.341187,574.4699707,5.390699863,23.32279968
117,1125,1126,1126,D:\Users\Wildlands\Desktop\QUTO\0F4A5695.jpg,0F4A5695.jpg,2015:05:10 08:53:50,65535,{2CF5BCF9-D8BD-4A79-83E0-2FA0B2075CB8},-119.8480517,34.05313833,336.6,1, ,0,0,0,0,914.3070068,0.276722014,542.5999756,5.705299854,23.57500076
118,1134,1135,1135,D:\Users\Wildlands\Desktop\QUTO\0F4A5707.jpg,0F4A5707.jpg,2015:05:10 08:55:04,65535,{101DC35D-F617-4AA0-B47A-94B204E386FC},-119.8454383,34.05217833,275.1,1, ,0,0,0,0,907.8170166,0.245226994,557.1669922,5.721899986,23.50720024
119,1141,1142,1142,D:\Users\Wildlands\Desktop\QUTO\0F4A5714.jpg,0F4A5714.jpg,2015:05:10 08:57:04,65535,{3E07A4CD-936C-4942-816B-93C6957C24C4},-119.8527733,34.04645833,378.7,1, ,0,0,0,0,901.2199707,0.327010006,571.2329712,5.50369978,23.76589966
120,1155,1156,1156,D:\Users\Wildlands\Desktop\QUTO\0F4A5733.jpg,0F4A5733.jpg,2015:05:10 09:01:28,65535,{1249A9B9-7606-4EB6-86E3-35EC06A02145},-119.8483083,34.04882333,292.1,1, ,0,0,0,0,904.1669922,0.300792009,558.5869751,5.76970005,23.37000084
121,1160,1161,1161,D:\Users\Wildlands\Desktop\QUTO\0F4A5743.jpg,0F4A5743.jpg,2015:05:10 09:01:52,65535,{9876688E-58BD-4550-A11A-6FF0B7C260C9},-119.848255,34.04894667,304.3,1, ,0,0,0,0,904.1669922,0.300792009,558.5869751,5.76970005,23.37000084
122,1177,1178,1178,D:\Users\Wildlands\Desktop\QUTO\0F4A5760.jpg,0F4A5760.jpg,2015:05:10 09:02:09,65535,{5C4CE539-A5CF-4B72-9C6E-A1E0F41DE234},-119.8485517,34.04848667,299.6,1, ,0,0,0,0,904.1669922,0.300792009,558.5869751,5.76970005,23.37000084
123,1186,1187,1187,D:\Users\Wildlands\Desktop\QUTO\0F4A5769.jpg,0F4A5769.jpg,2015:05:10 09:02:45,65535,{65DF6D1E-D415-4BF4-9E94-7559162FDF7E},-119.8495733,34.04695667,338.1,1, ,0,0,0,0,900.7600098,0.344033003,556.7600098,5.595799923,23.2628994
124,1198,1199,1199,D:\Users\Wildlands\Desktop\QUTO\0F4A5781.jpg,0F4A5781.jpg,2015:05:10 09:04:03,65535,{B5A73252-F498-4DE3-B791-BD44C5D24314},-119.8453267,34.04301833,490.4,1, ,0,0,0,0,887.2269897,0.400979996,572.21698,5.366000175,22.84670067
125,1214,1215,1215,D:\Users\Wildlands\Desktop\QUTO\0F4A5885.jpg,0F4A5885.jpg,2015:05:19 07:26:37,65535,{A2CDFF8F-8B97-4C9F-8760-A6F788FE0613},-119.7682767,34.04837833,138.4,1, ,0,0,0,0,958.0900269,0.139188007,434.3529968,6.381899834,22.21699905
126,1223,1224,1224,D:\Users\Wildlands\Desktop\QUTO\0F4A5894.jpg,0F4A5894.jpg,2015:05:19 07:26:43,65535,{4D8E363B-2544-4EAD-857B-6B5AD743E362},-119.7682333,34.04827833,157.5,1, ,0,0,0,0,958.0900269,0.139188007,434.3529968,6.381899834,22.21699905
127,1231,1232,1232,D:\Users\Wildlands\Desktop\QUTO\0F4A5902.jpg,0F4A5902.jpg,2015:05:19 07:26:58,65535,{4DCA96FC-5434-4065-AC61-5A2F43E55801},-119.7684817,34.0479,163.1,1, ,0,0,0,0,958.0900269,0.139188007,434.3529968,6.381899834,22.21699905
128,1239,1240,1240,D:\Users\Wildlands\Desktop\QUTO\0F4A5910.jpg,0F4A5910.jpg,2015:05:19 07:27:19,65535,{74A2C96F-BD2D-49C1-86C5-11169ECC4236},-119.76923,34.04724333,183.9,1, ,0,0,0,0,955.1900024,0.188987002,460.4970093,6.202799797,22.45820045
129,1246,1247,1247,D:\Users\Wildlands\Desktop\QUTO\0F4A5917.jpg,0F4A5917.jpg,2015:05:19 07:27:41,65535,{50F7F8EF-1630-415A-898A-D5ADE246F122},-119.7698833,34.04691333,203.7,1, ,0,0,0,0,932.8969727,0.188446999,493.5,5.862400055,22.70929909
130,1249,1250,1250,D:\Users\Wildlands\Desktop\QUTO\0F4A5920.jpg,0F4A5920.jpg,2015:05:19 07:27:41,65535,{EAC8FEB7-5C46-4263-B117-8A5F09BE176D},-119.7705817,34.04614167,218.2,1, ,0,0,0,0,932.8969727,0.188446999,493.5,5.862400055,22.70929909
131,1253,1254,1254,D:\Users\Wildlands\Desktop\QUTO\0F4A5924.jpg,0F4A5924.jpg,2015:05:19 07:28:42,65535,{68EC69E8-9B15-4533-A869-EBF28E57DEDA},-119.773085,34.04260667,352.4,1, ,0,0,0,0,911.2000122,0.257326007,507.1570129,5.749899864,22.91810036
132,1270,1271,1271,D:\Users\Wildlands\Desktop\QUTO\0F4A5941.jpg,0F4A5941.jpg,2015:05:19 07:29:11,65535,{BAECAF30-2F4C-438B-B454-4C7385AE19E7},-119.7729717,34.04255167,353.9,1, ,0,0,0,0,911.2000122,0.257326007,507.1570129,5.749899864,22.91810036
133,1274,1275,1275,D:\Users\Wildlands\Desktop\QUTO\0F4A5945.jpg,0F4A5945.jpg,2015:05:19 07:29:17,65535,{F5F70305-8155-4693-ADD0-A78AD6BF41B8},-119.7726817,34.04160167,366.4,1, ,0,0,0,0,885.8770142,0.275613993,549.3430176,5.404699802,23.12129974
134,1280,1281,1281,D:\Users\Wildlands\Desktop\QUTO\0F4A5950.jpg,0F4A5950.jpg,2015:05:10 09:38:41,65535,{D32199F2-8CD9-4F93-9302-ADD523619EAC},-119.8374517,34.04698,405.1,1, ,0,0,0,0,886.6270142,0.318794012,561.5269775,5.488699913,23.21199989
135,1298,1299,1299,D:\Users\Wildlands\Desktop\QUTO\0F4A5963.jpg,0F4A5963.jpg,2015:05:10 09:43:07,65535,{A687BFD4-6705-4156-A8A9-7446A1437C7C},-119.829675,34.04578167,186.3,1, ,0,0,0,0,914.9000244,0.197527006,518.5629883,5.884300232,22.90200043
136,1307,1308,1308,D:\Users\Wildlands\Desktop\QUTO\0F4A5985.jpg,0F4A5985.jpg,2015:05:19 07:30:55,65535,{E88A2485-6C3C-45BF-901D-C8D231427148},-119.7717817,34.044575,301,1, ,0,0,0,0,925.4470215,0.255925,507.7099915,5.702300072,22.94860077
137,1313,1314,1314,D:\Users\Wildlands\Desktop\QUTO\0F4A5991.jpg,0F4A5991.jpg,2015:05:19 07:30:57,65535,{586923F2-9409-43E7-94A1-7ACFFD1F68B4},-119.77091,34.04537167,251.8,1, ,0,0,0,0,932.8969727,0.188446999,493.5,5.862400055,22.70929909
138,1324,1325,1325,D:\Users\Wildlands\Desktop\QUTO\0F4A6002.jpg,0F4A6002.jpg,2015:05:19 07:31:21,65535,{23088016-008A-4D96-91D9-6ABDA285527B},-119.77047,34.04433333,268,1, ,0,0,0,0,925.4470215,0.255925,507.7099915,5.702300072,22.94860077
139,1328,1329,1329,D:\Users\Wildlands\Desktop\QUTO\0F4A6006.jpg,0F4A6006.jpg,2015:05:19 07:31:27,65535,{05DCF500-F8A0-41AE-B0F4-6268DF15B3E1},-119.7701433,34.04344833,294.3,1, ,0,0,0,0,925.4470215,0.255925,507.7099915,5.702300072,22.94860077
140,1338,1339,1339,D:\Users\Wildlands\Desktop\QUTO\0F4A6088.jpg,0F4A6088.jpg,2015:05:19 07:39:41,65535,{29397BA3-3DA5-4DF2-8517-DADAD7D88A3B},-119.775855,34.043515,249.8,1, ,0,0,0,0,894.039978,0.225426003,537.4470215,5.524199963,23.07570076
141,1340,1341,1341,D:\Users\Wildlands\Desktop\QUTO\0F4A6090.jpg,0F4A6090.jpg,2015:05:19 07:39:42,65535,{1172739E-FD3D-49A9-B7EE-3F2429280136},-119.7759767,34.04316333,264.1,1, ,0,0,0,0,894.039978,0.225426003,537.4470215,5.524199963,23.07570076
142,1358,1359,1359,D:\Users\Wildlands\Desktop\QUTO\0F4A6108.jpg,0F4A6108.jpg,2015:05:19 07:40:33,65535,{D8B641E7-85C2-4157-848A-B9D23D63695E},-119.7758217,34.04061,352.1,1, ,0,0,0,0,887.6799927,0.251084,549.5869751,5.342700005,23.36829948
143,1368,1369,1369,D:\Users\Wildlands\Desktop\QUTO\0F4A6118.jpg,0F4A6118.jpg,2015:05:19 07:40:43,65535,{ECF15A62-E0E9-47BD-8EDE-889E007F7240},-119.7751983,34.04009833,369.1,1, ,0,0,0,0,887.6799927,0.251084,549.5869751,5.342700005,23.36829948
144,1374,1375,1375,D:\Users\Wildlands\Desktop\QUTO\0F4A6124.jpg,0F4A6124.jpg,2015:05:19 08:24:49,65535,{2969B83F-F841-4E58-9BAE-BBB0DFD2B194},-119.7748833,34.04161,424.5,1, ,0,0,0,0,885.8770142,0.275613993,549.3430176,5.404699802,23.12129974
145,1376,1377,1377,D:\Users\Wildlands\Desktop\QUTO\0F4A6126.jpg,0F4A6126.jpg,2015:05:19 08:24:56,65535,{5002758C-17AE-426C-826B-5F3EA2EB9AB2},-119.774435,34.04209333,352,1, ,0,0,0,0,885.8770142,0.275613993,549.3430176,5.404699802,23.12129974
146,1389,1390,1390,D:\Users\Wildlands\Desktop\QUTO\0F4A6139.jpg,0F4A6139.jpg,2015:05:19 08:25:10,65535,{4E686F06-3096-47C5-8E43-BCF17F3E7192},-119.7744667,34.04148333,381.3,1, ,0,0,0,0,885.8770142,0.275613993,549.3430176,5.404699802,23.12129974
147,1397,1398,1398,D:\Users\Wildlands\Desktop\QUTO\0F4A6147.jpg,0F4A6147.jpg,2015:05:19 08:25:25,65535,{E9489C62-9AAD-463D-AF17-7C4A9F1B5CB7},-119.7750083,34.04166667,377.1,1, ,0,0,0,0,887.6799927,0.251084,549.5869751,5.342700005,23.36829948
148,1404,1405,1405,D:\Users\Wildlands\Desktop\QUTO\0F4A6154.jpg,0F4A6154.jpg,2015:05:19 08:25:59,65535,{D89F3BD7-1DC4-4006-885A-B13C1ABF113E},-119.7747117,34.04468,353.1,1, ,0,0,0,0,926.8699951,0.207239002,484.8999939,5.931200027,22.78770065
149,1419,1420,1420,D:\Users\Wildlands\Desktop\QUTO\0F4A6183.jpg,0F4A6183.jpg,2015:05:10 12:02:03,65535,{A1C62DE3-A159-4D86-8F28-DE59B6EC4E01},-119.810535,34.02763333,410.2,1, ,0,0,0,0,892.9530029,0.257986009,574.03302,5.529799938,24.11540031
150,1428,1429,1429,D:\Users\Wildlands\Desktop\QUTO\0F4A6222-2.jpg,0F4A6222-2.jpg,2015:05:19 08:48:42,65535,{1AD7545B-F5DC-4A0F-8717-69720032ED8A},-119.7783267,34.045845,275.7,1, ,0,0,0,0,918.4569702,0.244106993,523.6669922,5.516900063,23.41259956
151,1431,1432,1432,D:\Users\Wildlands\Desktop\QUTO\0F4A6225-2.jpg,0F4A6225-2.jpg,2015:05:19 08:48:54,65535,{67E9CD1A-DEBC-4DEA-9B74-13C385194969},-119.7783867,34.04584667,294.9,1, ,0,0,0,0,918.4569702,0.244106993,523.6669922,5.516900063,23.41259956
152,1436,1437,1437,D:\Users\Wildlands\Desktop\QUTO\0F4A6315.jpg,0F4A6315.jpg,2015:05:19 09:34:48,65535,{DF2728BB-3B45-4E2D-93BA-13617640C11F},-119.70231,34.02756167,95.9,1, ,0,0,0,0,959.5499878,0.149958,431.2399902,6.986100197,22.53470039
153,1439,1440,1440,D:\Users\Wildlands\Desktop\QUTO\0F4A6318.jpg,0F4A6318.jpg,2015:05:19 09:35:00,65535,{EF454E65-278D-4B50-90D1-E185CDF60558},-119.7041417,34.02594,206.7,1, ,0,0,0,0,931.5629883,0.240181997,442.4670105,6.911300182,22.72780037
154,1448,1449,1449,D:\Users\Wildlands\Desktop\QUTO\0F4A6384.jpg,0F4A6384.jpg,2015:05:10 12:41:48,65535,{49D224D5-A901-4748-B63A-66203025B31E},-119.8323567,34.04273667,394.6,1, ,0,0,0,0,911.2869873,0.278104991,528.1669922,5.736700058,23.31529999
155,1460,1461,1461,D:\Users\Wildlands\Desktop\QUTO\0F4A7578.jpg,0F4A7578.jpg,2015:05:13 11:26:40,65535,{156809E4-70E6-4BA2-8014-AA3AF2943837},-119.78481,34.0518,89.5,1, ,0,0,0,0,948.3400269,0.117821999,459.8070068,6.308199883,22.52869987
156,1471,1472,1472,D:\Users\Wildlands\Desktop\QUTO\0F4A7589.jpg,0F4A7589.jpg,2015:05:13 11:26:43,65535,{75A0FFED-D47D-4AC6-B95D-D0E76B9CD4D7},-119.7846933,34.05089167,116.1,1, ,0,0,0,0,948.3400269,0.117821999,459.8070068,6.308199883,22.52869987
157,1480,1481,1481,D:\Users\Wildlands\Desktop\QUTO\0F4A7598.jpg,0F4A7598.jpg,2015:05:13 11:27:00,65535,{DABD939E-FFA0-4D04-96B1-24E84D174796},-119.7848683,34.05065667,129.9,1, ,0,0,0,0,948.3400269,0.117821999,459.8070068,6.308199883,22.52869987
158,1498,1499,1499,D:\Users\Wildlands\Desktop\QUTO\0F4A7618.jpg,0F4A7618.jpg,2015:05:13 11:27:19,65535,{08E3F029-89F3-43C8-9CCD-96CA34EE12FB},-119.7855083,34.04973667,157.9,1, ,0,0,0,0,948.3400269,0.117821999,459.8070068,6.308199883,22.52869987
159,1500,1501,1501,D:\Users\Wildlands\Desktop\QUTO\0F4A7620.jpg,0F4A7620.jpg,2015:05:13 11:27:33,65535,{B45A8D2E-87B5-4BB2-A982-B0EE9D0AFB8E},-119.7849233,34.04986333,168.1,1, ,0,0,0,0,948.3400269,0.117821999,459.8070068,6.308199883,22.52869987
160,1522,1523,1523,D:\Users\Wildlands\Desktop\QUTO\0F4A7644.jpg,0F4A7644.jpg,2015:05:13 11:27:42,65535,{3B5B55C4-DC3A-4642-8D80-F68FDEB8E7DD},-119.785735,34.05019833,162.3,1, ,0,0,0,0,948.3400269,0.117821999,459.8070068,6.308199883,22.52869987
161,1528,1529,1529,D:\Users\Wildlands\Desktop\QUTO\0F4A7651-2.jpg,0F4A7651-2.jpg,2015:05:20 07:07:46,65535,{479219C5-7A42-4194-A6FD-8572F4BF6248},-119.7798283,34.04873167,369.1,1, ,0,0,0,0,933.6569824,0.241659001,500.5870056,5.678199768,23.13809967
162,1532,1533,1533,D:\Users\Wildlands\Desktop\QUTO\0F4A7653-2.jpg,0F4A7653-2.jpg,2015:05:20 07:07:48,65535,{B9B2EAA9-4434-48A8-8B3B-DCF764300753},-119.7800517,34.04822,333.8,1, ,0,0,0,0,933.6569824,0.241659001,500.5870056,5.678199768,23.13809967
163,1550,1551,1551,D:\Users\Wildlands\Desktop\QUTO\0F4A7662-2.jpg,0F4A7662-2.jpg,2015:05:20 07:08:01,65535,{6B254C4E-8797-47AD-A408-185D5BED882C},-119.77956,34.04810667,331.4,1, ,0,0,0,0,933.6569824,0.241659001,500.5870056,5.678199768,23.13809967
164,1555,1556,1556,D:\Users\Wildlands\Desktop\QUTO\0F4A7665.jpg,0F4A7665.jpg,2015:05:13 11:28:14,65535,{ECB87A34-6F26-43C9-80AD-BDB7CB550458},-119.78464,34.04773667,202.3,1, ,0,0,0,0,924.4630127,0.168103993,526.9099731,5.538199902,23.56200027
165,1560,1561,1561,D:\Users\Wildlands\Desktop\QUTO\0F4A7670-2.jpg,0F4A7670-2.jpg,2015:05:20 07:20:04,65535,{3C4FBD5B-D5F2-4183-B0C2-BC3DC2F65936},-119.78187,34.051825,94.7,1, ,0,0,0,0,944.789978,0.171211004,462.7770081,6.28030014,22.46640015
166,1574,1575,1575,D:\Users\Wildlands\Desktop\QUTO\0F4A7683-2.jpg,0F4A7683-2.jpg,2015:05:20 07:20:16,65535,{0C05DE31-2095-4AA6-AB83-586CDAB4A189},-119.7817567,34.05126167,135.5,1, ,0,0,0,0,944.789978,0.171211004,462.7770081,6.28030014,22.46640015
167,1578,1579,1579,D:\Users\Wildlands\Desktop\QUTO\0F4A7723.jpg,0F4A7723.jpg,2015:05:13 11:31:11,65535,{1416AB8E-16E3-4D6D-9CB8-08FA435406DD},-119.7800333,34.04431667,278.9,1, ,0,0,0,0,923.539978,0.231570005,514.8270264,5.649600029,23.25989914
168,1581,1582,1582,D:\Users\Wildlands\Desktop\QUTO\0F4A7726.jpg,0F4A7726.jpg,2015:05:13 11:31:12,65535,{4E58343A-3A0C-42C1-8597-95A2687AC163},-119.7793767,34.04299,313.4,1, ,0,0,0,0,923.539978,0.231570005,514.8270264,5.649600029,23.25989914
169,1592,1593,1593,D:\Users\Wildlands\Desktop\QUTO\0F4A7821-2.jpg,0F4A7821-2.jpg,2015:05:20 09:20:30,65535,{5FBF0C3A-454E-4EB6-83F5-5C50FC5316E4},-119.7278567,33.992995,180.8,1, ,0,0,0,0,944.6829834,0.226841003,481.7099915,5.772099972,24.71570015
170,1596,1597,1597,D:\Users\Wildlands\Desktop\QUTO\0F4A7826-2.jpg,0F4A7826-2.jpg,2015:05:20 09:20:45,65535,{0548AC11-6044-408E-9FAC-155B47F7EA6C},-119.7276333,33.99310667,190.1,1, ,0,0,0,0,944.6829834,0.226841003,481.7099915,5.772099972,24.71570015
171,1612,1613,1613,D:\Users\Wildlands\Desktop\QUTO\0F4A7842.jpg,0F4A7842.jpg,2015:05:20 09:20:51,65535,{6C9085F1-E885-4CA2-BAD9-BEE2B189C150},-119.7277133,33.99270833,196.4,1, ,0,0,0,0,944.6829834,0.226841003,481.7099915,5.772099972,24.71570015
172,1623,1624,1624,D:\Users\Wildlands\Desktop\QUTO\0F4A7877.jpg,0F4A7877.jpg,2015:05:20 09:50:58,65535,{901B55EA-8E56-48DE-B80C-6109B33BE697},-119.75735,34.04480833,187.6,1, ,0,0,0,0,946.3599854,0.182257995,442.9670105,6.439400196,21.92639923
173,1625,1626,1626,D:\Users\Wildlands\Desktop\QUTO\0F4A7879.jpg,0F4A7879.jpg,2015:05:20 09:50:59,65535,{7B0CB9C8-906E-48F6-9BEC-DF4DBFDAFD65},-119.757735,34.04233167,187.6,1, ,0,0,0,0,910.1799927,0.222362995,498.0899963,5.801000118,22.29220009
174,1633,1634,1634,D:\Users\Wildlands\Desktop\QUTO\0F4A7918.jpg,0F4A7918.jpg,2015:05:20 10:06:54,65535,{6B3360A5-7BB0-457F-9D8E-B6312B58E78B},-119.75353,34.04807667,219.6,1, ,0,0,0,0,927.8200073,0.158774003,465.2000122,6.217599869,22.17440033
175,1638,1639,1639,D:\Users\Wildlands\Desktop\QUTO\0F4A7923-2.jpg,0F4A7923-2.jpg,2015:05:20 10:07:00,65535,{C011A08E-C2DE-453E-8A36-AC3EB34F7BC5},-119.7536733,34.04619833,212.3,1, ,0,0,0,0,914.4899902,0.194850996,488.3900146,5.931300163,22.38199997
176,1651,1652,1652,D:\Users\Wildlands\Desktop\QUTO\0F4A7936.jpg,0F4A7936.jpg,2015:05:20 10:08:27,65535,{D4719579-CFA8-4FE7-9A69-F5015AA3BA0D},-119.7555067,34.04685667,233.4,1, ,0,0,0,0,946.3599854,0.182257995,442.9670105,6.439400196,21.92639923
177,1654,1655,1655,D:\Users\Wildlands\Desktop\QUTO\0F4A7939.jpg,0F4A7939.jpg,2015:05:20 10:08:31,65535,{A73E8EDA-660B-4656-8C61-BD60EC2E38F1},-119.7554233,34.044915,239,1, ,0,0,0,0,946.3599854,0.182257995,442.9670105,6.439400196,21.92639923
178,1663,1664,1664,D:\Users\Wildlands\Desktop\QUTO\0F4A8011-2.jpg,0F4A8011-2.jpg,2015:05:13 12:45:03,65535,{5AB8E745-82D9-4F43-B62F-650A763C4891},-119.7620817,34.04874667,65.2,1, ,0,0,0,0,953.2769775,0.090014197,457.3429871,6.197999954,22.12770081
179,1668,1669,1669,D:\Users\Wildlands\Desktop\QUTO\0F4A8019-3.jpg,0F4A8019-3.jpg,2015:05:20 10:43:15,65535,{4694105A-1693-48E7-8805-E1497CE8EC00},-119.7611333,34.03719333,490.6,1, ,0,0,0,0,889.8829956,0.273898005,605.5629883,5.17869997,23.69379997
180,1671,1672,1672,D:\Users\Wildlands\Desktop\QUTO\0F4A8021-2.jpg,0F4A8021-2.jpg,2015:05:13 12:45:34,65535,{6E6A22BA-A417-4EE4-857A-7F22368CFAC0},-119.763995,34.046805,85.9,1, ,0,0,0,0,920.6729736,0.138759002,487.446991,5.985099792,22.46879959
181,1684,1685,1685,D:\Users\Wildlands\Desktop\QUTO\0F4A8027-3.jpg,0F4A8027-3.jpg,2015:05:20 10:43:17,65535,{F4E0AB02-80C5-4640-940F-A10D8ACB3856},-119.7630483,34.032405,545.9,1, ,0,0,0,0,886.7630005,0.245992005,616.5969849,5.339700222,23.82620049
182,1687,1688,1688,D:\Users\Wildlands\Desktop\QUTO\0F4A8030-3.jpg,0F4A8030-3.jpg,2015:05:20 10:43:19,65535,{4D8C0C7D-EEC2-46C0-A50E-C21EEA46A328},-119.7630583,34.03235167,547.2,1, ,0,0,0,0,886.7630005,0.245992005,616.5969849,5.339700222,23.82620049
183,1689,1690,1690,D:\Users\Wildlands\Desktop\QUTO\0F4A8032-3.jpg,0F4A8032-3.jpg,2015:05:20 10:43:20,65535,{7560B34B-2A11-46DA-A021-63E34839B1D9},-119.7630683,34.03233333,547.7,1, ,0,0,0,0,886.7630005,0.245992005,616.5969849,5.339700222,23.82620049
184,1691,1692,1692,D:\Users\Wildlands\Desktop\QUTO\0F4A8034-3.jpg,0F4A8034-3.jpg,2015:05:20 10:43:21,65535,{E6E6EBC4-0E74-48D1-B68C-945899B2FB56},-119.763085,34.03231667,547.7,1, ,0,0,0,0,886.7630005,0.245992005,616.5969849,5.339700222,23.82620049
185,1702,1703,1703,D:\Users\Wildlands\Desktop\QUTO\0F4A8042-2.jpg,0F4A8042-2.jpg,2015:05:13 12:45:47,65535,{EA71F280-75CC-4919-B0A4-5982B9BFCF68},-119.764865,34.046165,101.1,1, ,0,0,0,0,920.6729736,0.138759002,487.446991,5.985099792,22.46879959
186,1715,1716,1716,D:\Users\Wildlands\Desktop\QUTO\0F4A8055-2.jpg,0F4A8055-2.jpg,2015:05:13 12:46:06,65535,{F9CFB457-2CAE-402D-9CC4-1DC08F56F701},-119.76558,34.04532833,123,1, ,0,0,0,0,920.6729736,0.138759002,487.446991,5.985099792,22.46879959
187,1728,1729,1729,D:\Users\Wildlands\Desktop\QUTO\0F4A8085.jpg,0F4A8085.jpg,2015:05:13 12:46:34,65535,{12933F57-8F4E-4D49-B38A-6C36A581978F},-119.7669683,34.04423333,167.4,1, ,0,0,0,0,908.4899902,0.214606002,509.7600098,5.773600101,22.67499924
188,1732,1733,1733,D:\Users\Wildlands\Desktop\QUTO\0F4A8097.jpg,0F4A8097.jpg,2015:05:13 12:46:47,65535,{9D9DC917-B377-45CF-9333-755922F04AE8},-119.7676417,34.04349,183.9,1, ,0,0,0,0,908.4899902,0.214606002,509.7600098,5.773600101,22.67499924
189,1741,1742,1742,D:\Users\Wildlands\Desktop\QUTO\0F4A8196-2.jpg,0F4A8196-2.jpg,2015:05:13 12:58:51,65535,{59573C1E-01F3-4ACD-B3E8-5C2F7CF62845},-119.758835,34.04386167,409.2,1, ,0,0,0,0,910.1799927,0.222362995,498.0899963,5.801000118,22.29220009
190,1747,1748,1748,D:\Users\Wildlands\Desktop\QUTO\0F4A8242-2.jpg,0F4A8242-2.jpg,2015:05:13 13:02:30,65535,{B903F198-FDB6-48A2-A68B-29B995420A4E},-119.7583133,34.047985,85.4,1, ,0,0,0,0,950.2230225,0.093691401,439.1499939,6.480000019,21.8064003
191,1749,1750,1750,D:\Users\Wildlands\Desktop\QUTO\0F4A8244-2.jpg,0F4A8244-2.jpg,2015:05:13 13:02:30,65535,{1203D821-97B7-4487-9D89-9A155B4C00A0},-119.758575,34.04680333,108.1,1, ,0,0,0,0,924.9899902,0.148295999,475.8169861,6.065599918,22.16799927
192,1761,1762,1762,D:\Users\Wildlands\Desktop\QUTO\0F4A8289.jpg,0F4A8289.jpg,2015:05:13 13:09:48,65535,{2F99F3A4-58D2-4D70-9BEF-BBF9F13F4F5B},-119.7662733,34.04344833,320.5,1, ,0,0,0,0,908.4899902,0.214606002,509.7600098,5.773600101,22.67499924
193,1820,1821,1821,D:\Users\Wildlands\Desktop\QUTO\0F4A8463.jpg,0F4A8463.jpg,2015:05:04 05:56:41,65535,{C3BE007D-CDF9-4EA4-92F5-F46F7908B70C},-119.8100883,34.009535,366.7,1, ,0,0,0,0,881.96698,0.242513999,556.0230103,4.823699951,24.19059944
194,1826,1827,1827,D:\Users\Wildlands\Desktop\QUTO\0F4A8475.jpg,0F4A8475.jpg,2015:05:04 05:56:48,65535,{A7179027-F074-4131-AE03-0E7E0177A9A1},-119.8104183,34.01003,369.5,1, ,0,0,0,0,881.96698,0.242513999,556.0230103,4.823699951,24.19059944
195,1842,1843,1843,D:\Users\Wildlands\Desktop\QUTO\0F4A8501.jpg,0F4A8501.jpg,2015:05:04 05:57:13,65535,{882F7F9E-8314-4E10-87D7-3F017AA2014D},-119.8107067,34.01004833,370,1, ,0,0,0,0,881.96698,0.242513999,556.0230103,4.823699951,24.19059944
196,1846,1847,1847,D:\Users\Wildlands\Desktop\QUTO\0F4A8505.jpg,0F4A8505.jpg,2015:05:04 05:57:21,65535,{73316E82-235C-424A-B10E-D83B115A0633},-119.8108367,34.01078333,370.6,1, ,0,0,0,0,869.9130249,0.217115998,546.2670288,5.171199799,24.2397995
197,1866,1867,1867,D:\Users\Wildlands\Desktop\QUTO\0F4A9064-2.jpg,0F4A9064-2.jpg,2015:05:31 15:44:36,65535,{E588CDB2-74A6-494F-AD90-9EC6D86193D5},-119.7028617,34.02043333,418.5,1, ,0,0,0,0,920.4699707,0.302065015,482.9070129,6.925199986,23.75600052
198,1869,1870,1870,D:\Users\Wildlands\Desktop\QUTO\0F4A9067-2.jpg,0F4A9067-2.jpg,2015:05:31 15:44:36,65535,{DC883B78-1D91-45FE-9C5F-17F06C3AD86A},-119.70117,34.02261,369.6,1, ,0,0,0,0,928.5800171,0.231079996,460.7170105,6.971099854,23.38470078
199,1871,1872,1872,D:\Users\Wildlands\Desktop\QUTO\0F4A9127.jpg,0F4A9127.jpg,2015:05:31 15:48:26,65535,{7B065DC3-7D6B-4F5C-BA5C-A7B1D844ADE5},-119.6937067,34.02815333,77.3,1, ,0,0,0,0,969.6599731,0.00246604,391.0499878,7.219099998,22.00799942
200,1875,1876,1876,D:\Users\Wildlands\Desktop\QUTO\0F4A9131.jpg,0F4A9131.jpg,2015:05:31 15:48:43,65535,{C4225F2C-637E-4BDA-8DC6-6411BAC3B511},-119.694985,34.02745833,80.2,1, ,0,0,0,0,969.6599731,0.00246604,391.0499878,7.219099998,22.00799942
201,1877,1878,1878,D:\Users\Wildlands\Desktop\QUTO\0F4A9133-2.jpg,0F4A9133-2.jpg,2015:05:31 15:48:53,65535,{22F8F318-3E24-480C-AD6D-100FBB81633F},-119.695645,34.02660833,94.3,1, ,0,0,0,0,963.8369751,0.114430003,397.572998,7.252900124,22.16160011
202,1878,1879,1879,D:\Users\Wildlands\Desktop\QUTO\0F4A9133.jpg,0F4A9133.jpg,2015:04:22 10:14:36,65535,{C64B4B2C-7C38-412C-AE5F-2A031F5373FE},-119.8543733,34.05616167,584.8,1, ,0,0,0,0,924.6569824,0.227547005,527.0930176,5.868199825,23.39430046
203,1897,1898,1898,D:\Users\Wildlands\Desktop\QUTO\0F4A9143-2.jpg,0F4A9143-2.jpg,2015:05:31 15:49:13,65535,{ABF12148-7A5C-4E48-8633-43B7230E808E},-119.695555,34.02660167,99.8,1, ,0,0,0,0,963.8369751,0.114430003,397.572998,7.252900124,22.16160011
204,1904,1905,1905,D:\Users\Wildlands\Desktop\QUTO\0F4A9146.jpg,0F4A9146.jpg,2015:04:22 10:15:06,65535,{DB74AA02-601D-4AD3-A510-AEA9682AA373},-119.8543433,34.05541333,567.6,1, ,0,0,0,0,924.6569824,0.227547005,527.0930176,5.868199825,23.39430046
205,1913,1914,1914,D:\Users\Wildlands\Desktop\QUTO\0F4A9151-2.jpg,0F4A9151-2.jpg,2015:05:31 15:49:26,65535,{45463962-3E9A-49FE-BB1D-DAA60BC1F5E3},-119.6964133,34.02598667,106.5,1, ,0,0,0,0,948.7199707,0.146033004,421.303009,7.106299877,22.50219917
206,1933,1934,1934,D:\Users\Wildlands\Desktop\QUTO\0F4A9161-2.jpg,0F4A9161-2.jpg,2015:05:31 15:49:36,65535,{F160C6E7-086A-4477-95F5-4A70B9729687},-119.6967333,34.025835,116.8,1, ,0,0,0,0,948.7199707,0.146033004,421.303009,7.106299877,22.50219917
207,1950,1951,1951,D:\Users\Wildlands\Desktop\QUTO\0F4A9169.jpg,0F4A9169.jpg,2015:04:22 10:19:21,65535,{9D2DC2A5-3123-443F-89BB-E1C2EB50BCAB},-119.8628333,34.04833667,879.9,1, ,0,0,0,0,900.9530029,0.366654009,565.3499756,5.452199936,23.93959999
208,1957,1958,1958,D:\Users\Wildlands\Desktop\QUTO\0F4A9173-3.jpg,0F4A9173-3.jpg,2015:05:31 15:49:57,65535,{963CEAC1-996E-4AE6-9073-491B134D5C46},-119.6972967,34.02560167,118.9,1, ,0,0,0,0,948.7199707,0.146033004,421.303009,7.106299877,22.50219917
209,1970,1971,1971,D:\Users\Wildlands\Desktop\QUTO\0F4A9179.jpg,0F4A9179.jpg,2015:04:22 10:19:35,65535,{7336C4BE-9729-4971-AF88-E974B6778633},-119.8629983,34.04809833,840.7,1, ,0,0,0,0,900.9530029,0.366654009,565.3499756,5.452199936,23.93959999
210,1975,1976,1976,D:\Users\Wildlands\Desktop\QUTO\0F4A9182-2.jpg,0F4A9182-2.jpg,2015:05:31 15:50:09,65535,{6EDC72AD-1AA3-478E-AA6D-0438A8BBB2E7},-119.69806,34.02513333,161.1,1, ,0,0,0,0,948.7199707,0.146033004,421.303009,7.106299877,22.50219917
211,1999,2000,2000,D:\Users\Wildlands\Desktop\QUTO\0F4A9194-3.jpg,0F4A9194-3.jpg,2015:05:31 15:50:26,65535,{FE1D1736-CAE5-44CD-9DF1-E8BC6607A991},-119.6989167,34.02438167,185.1,1, ,0,0,0,0,933.742981,0.204186007,448.8429871,7.150300026,23.12540054
212,2006,2007,2007,D:\Users\Wildlands\Desktop\QUTO\0F4A9197.jpg,0F4A9197.jpg,2015:04:22 10:19:53,65535,{5DCEFB8C-29A1-48BC-BE0E-4D00F5E867D8},-119.8632133,34.04805333,827.2,1, ,0,0,0,0,900.9530029,0.366654009,565.3499756,5.452199936,23.93959999
213,2015,2016,2016,D:\Users\Wildlands\Desktop\QUTO\0F4A9202-3.jpg,0F4A9202-3.jpg,2015:05:31 15:50:39,65535,{56402454-DA82-4C54-B91B-BBCA1773D08C},-119.69982,34.02364333,215.1,1, ,0,0,0,0,928.5800171,0.231079996,460.7170105,6.971099854,23.38470078
214,2029,2030,2030,D:\Users\Wildlands\Desktop\QUTO\0F4A9209-3.jpg,0F4A9209-3.jpg,2015:05:31 15:50:51,65535,{2D1E2D7B-1110-42DA-B1C7-0926EB86D46B},-119.7004433,34.022805,229.2,1, ,0,0,0,0,928.5800171,0.231079996,460.7170105,6.971099854,23.38470078
215,2038,2039,2039,D:\Users\Wildlands\Desktop\QUTO\0F4A9214.jpg,0F4A9214.jpg,2015:04:22 10:20:05,65535,{67AB2C55-3D1D-41B7-9045-4F01E2175388},-119.8635883,34.04785,822.6,1, ,0,0,0,0,900.9530029,0.366654009,565.3499756,5.452199936,23.93959999
216,2043,2044,2044,D:\Users\Wildlands\Desktop\QUTO\0F4A9221.jpg,0F4A9221.jpg,2015:05:29 09:51:22,65535,{84772FD1-8F7E-4F1E-8EF8-B711BEBFFF99},-119.6138817,34.00512833,274.3,1, ,0,0,0,0,932.8430176,0.363853008,493.7999878,8.144100189,22.59020042
217,2048,2049,2049,D:\Users\Wildlands\Desktop\QUTO\0F4A9234.jpg,0F4A9234.jpg,2015:05:29 09:51:42,65535,{3EDAB72C-2A67-40F4-8B56-8135CDCE22D1},-119.61321,34.00351667,357,1, ,0,0,0,0,932.8430176,0.363853008,493.7999878,8.144100189,22.59020042
218,2054,2055,2055,D:\Users\Wildlands\Desktop\QUTO\0F4A9341.jpg,0F4A9341.jpg,2015:04:22 10:43:29,65535,{666DE82B-105D-45D9-BE89-F27B94457DAA},-119.8565717,34.0544,698.2,1, ,0,0,0,0,925.2000122,0.274168015,530.9429932,5.990200043,23.61660004
219,2056,2057,2057,D:\Users\Wildlands\Desktop\QUTO\0F4A9343.jpg,0F4A9343.jpg,2015:04:22 10:43:41,65535,{EAF68C05-10FB-4AB8-83C7-EE53E3A98B2F},-119.8578317,34.05429333,687.3,1, ,0,0,0,0,913.5499878,0.305177987,546.0869751,5.947400093,23.58909988
220,2070,2071,2071,D:\Users\Wildlands\Desktop\QUTO\0F4A9357.jpg,0F4A9357.jpg,2015:04:22 10:49:08,65535,{36C23575-6F0E-46AE-9ECE-573451E0F89D},-119.85068,34.05008833,523.2,1, ,0,0,0,0,909.6430054,0.301239997,558.4569702,5.791399956,23.53980064
221,2079,2080,2080,D:\Users\Wildlands\Desktop\QUTO\0F4A9368.jpg,0F4A9368.jpg,2015:04:22 10:49:22,65535,{897E4626-44F6-4D30-AE53-88B4484A147A},-119.8504967,34.05016167,520.9,1, ,0,0,0,0,909.6430054,0.301239997,558.4569702,5.791399956,23.53980064
222,2088,2089,2089,D:\Users\Wildlands\Desktop\QUTO\0F4A9387.jpg,0F4A9387.jpg,2015:04:22 10:50:30,65535,{8799E3A4-AAA0-4083-B776-2E081FDB614C},-119.8482667,34.05182667,556.9,1, ,0,0,0,0,909.6430054,0.301239997,558.4569702,5.791399956,23.53980064
223,2097,2098,2098,D:\Users\Wildlands\Desktop\QUTO\0F4A9396.jpg,0F4A9396.jpg,2015:04:22 10:50:36,65535,{7BDDA4D0-489B-48C6-ABD8-018F4F5CB3C3},-119.849865,34.05246333,508.3,1, ,0,0,0,0,914.3070068,0.276722014,542.5999756,5.705299854,23.57500076
224,2109,2110,2110,D:\Users\Wildlands\Desktop\QUTO\0F4A9408-2.jpg,0F4A9408-2.jpg,2015:05:04 09:11:15,65535,{F4FF0E60-219D-4637-A732-C855DBE6F65B},-119.81613,34.01419333,265.1,1, ,0,0,0,0,895.3300171,0.230022997,539.6300049,5.131999969,24.15740013
225,2122,2123,2123,D:\Users\Wildlands\Desktop\QUTO\0F4A9414.jpg,0F4A9414.jpg,2015:04:22 10:50:50,65535,{FAE55ED2-5A68-41B1-9CB0-257E4023FE3A},-119.850185,34.05229833,501.5,1, ,0,0,0,0,914.3070068,0.276722014,542.5999756,5.705299854,23.57500076
226,2140,2141,2141,D:\Users\Wildlands\Desktop\QUTO\0F4A9423.jpg,0F4A9423.jpg,2015:04:22 10:51:37,65535,{618FA536-81D3-4E93-98BC-4512442DB79D},-119.85284,34.05386,396.2,1, ,0,0,0,0,928.3369751,0.264490992,528.21698,5.961299896,23.46299934
227,2141,2142,2142,D:\Users\Wildlands\Desktop\QUTO\0F4A9424-2.jpg,0F4A9424-2.jpg,2015:05:04 09:12:30,65535,{0F85350F-1B04-4A7B-AF50-9F00AC5D4131},-119.8109733,34.01127167,272,1, ,0,0,0,0,869.9130249,0.217115998,546.2670288,5.171199799,24.2397995
228,2157,2158,2158,D:\Users\Wildlands\Desktop\QUTO\0F4A9434.jpg,0F4A9434.jpg,2015:04:22 10:51:49,65535,{A5701579-975E-474C-B6AB-E500A10F8B5B},-119.8529667,34.05402667,349,1, ,0,0,0,0,928.3369751,0.264490992,528.21698,5.961299896,23.46299934
229,2164,2165,2165,D:\Users\Wildlands\Desktop\QUTO\0F4A9441.jpg,0F4A9441.jpg,2015:04:22 10:52:03,65535,{3D86F8AB-F0AB-4F6F-B536-46EB199B8251},-119.8530217,34.05393333,301,1, ,0,0,0,0,928.3369751,0.264490992,528.21698,5.961299896,23.46299934
230,2165,2166,2166,D:\Users\Wildlands\Desktop\QUTO\0F4A9442-2.jpg,0F4A9442-2.jpg,2015:05:04 09:13:16,65535,{FBC16FA6-638D-4CAB-B576-07FB287E0EBC},-119.8068467,34.010225,361.6,1, ,0,0,0,0,902.1229858,0.231346995,573.039978,4.818699837,24.20030022
231,2183,2184,2184,D:\Users\Wildlands\Desktop\QUTO\0F4A9453.jpg,0F4A9453.jpg,2015:04:22 10:54:21,65535,{E94F9204-A63D-46D6-A1FD-0F13350581E8},-119.8511967,34.05782333,297.6,1, ,0,0,0,0,951.4470215,0.238124996,492.0469971,6.134699821,22.84480095
232,2186,2187,2187,D:\Users\Wildlands\Desktop\QUTO\0F4A9456.jpg,0F4A9456.jpg,2015:04:22 10:54:56,65535,{C1DFDD8F-0FD4-4474-9464-55120D9EF972},-119.8514733,34.05771667,258.8,1, ,0,0,0,0,951.4470215,0.238124996,492.0469971,6.134699821,22.84480095
233,2200,2201,2201,D:\Users\Wildlands\Desktop\QUTO\0F4A9472.jpg,0F4A9472.jpg,2015:04:22 10:55:04,65535,{71B36860-A706-4DE0-8654-D6BEA785E3A9},-119.8522283,34.05770667,256.9,1, ,0,0,0,0,951.4470215,0.238124996,492.0469971,6.134699821,22.84480095
234,2202,2203,2203,D:\Users\Wildlands\Desktop\QUTO\0F4A9491.jpg,0F4A9491.jpg,2015:05:04 09:18:16,65535,{5AFC05F5-388D-4393-897B-36AD16071393},-119.8024133,34.01193833,444.5,1, ,0,0,0,0,859.5469971,0.237009004,578.5930176,4.988599777,24.30060005
235,2206,2207,2207,D:\Users\Wildlands\Desktop\QUTO\0F4A9495.jpg,0F4A9495.jpg,2015:05:04 09:18:42,65535,{631BB472-6866-45E3-9401-C29432781AA4},-119.80289,34.01195167,446.2,1, ,0,0,0,0,859.5469971,0.237009004,578.5930176,4.988599777,24.30060005
236,2217,2218,2218,D:\Users\Wildlands\Desktop\QUTO\0F4A9511.jpg,0F4A9511.jpg,2015:05:04 09:18:56,65535,{7958EBC8-9030-411E-98C9-CC6C474DF08B},-119.803295,34.012165,440.6,1, ,0,0,0,0,859.5469971,0.237009004,578.5930176,4.988599777,24.30060005
237,2233,2234,2234,D:\Users\Wildlands\Desktop\QUTO\0F4A9534.jpg,0F4A9534.jpg,2015:05:04 09:19:55,65535,{B8C9297E-7798-4A64-97CD-9AF2842C196F},-119.80047,34.01440833,426,1, ,0,0,0,0,870.6129761,0.236443996,567.4370117,5.125400066,24.20240021
238,2241,2242,2242,D:\Users\Wildlands\Desktop\QUTO\0F4A9542.jpg,0F4A9542.jpg,2015:05:04 09:20:10,65535,{19D02F9A-81FF-4B64-A465-B4F3DBA2296C},-119.800715,34.01368167,429,1, ,0,0,0,0,870.6129761,0.236443996,567.4370117,5.125400066,24.20240021
239,2245,2246,2246,D:\Users\Wildlands\Desktop\QUTO\0F4A9546.jpg,0F4A9546.jpg,2015:05:04 09:20:35,65535,{05B28C82-6D4B-421F-8589-1F21FCA9954D},-119.8004883,34.01199333,433.4,1, ,0,0,0,0,858.7999878,0.238335997,585.9829712,5.039800167,24.09620094
240,2247,2248,2248,D:\Users\Wildlands\Desktop\QUTO\0F4A9551.jpg,0F4A9551.jpg,2015:05:04 09:20:41,65535,{DBA048A4-2C7E-4A17-93AA-0B1062A9FA18},-119.7989333,34.01311,453.9,1, ,0,0,0,0,870.6129761,0.236443996,567.4370117,5.125400066,24.20240021
241,2250,2251,2251,D:\Users\Wildlands\Desktop\QUTO\0F4A9557.jpg,0F4A9557.jpg,2015:05:04 09:21:00,65535,{64D35BAE-EF28-4928-80A6-E5A0FD7074D4},-119.7989617,34.01465833,452.5,1, ,0,0,0,0,870.6129761,0.236443996,567.4370117,5.125400066,24.20240021
242,2253,2254,2254,D:\Users\Wildlands\Desktop\QUTO\0F4A9562.jpg,0F4A9562.jpg,2015:05:04 09:21:08,65535,{73961776-56F4-4AE6-96F7-1CFEED46CB3F},-119.79829,34.01449167,448.7,1, ,0,0,0,0,880.0200195,0.238273993,580.4370117,5.097000122,24.1201992
243,2259,2260,2260,D:\Users\Wildlands\Desktop\QUTO\0F4A9577.jpg,0F4A9577.jpg,2015:05:04 09:21:44,65535,{D072D8E8-B0B4-4B67-B145-DA85AA25B0FA},-119.797845,34.01284667,451.3,1, ,0,0,0,0,905.6069946,0.235220999,581.7769775,5.14620018,24.10930061
244,2262,2263,2263,D:\Users\Wildlands\Desktop\QUTO\0F4A9583.jpg,0F4A9583.jpg,2015:05:04 09:21:54,65535,{EB1EBB92-8672-48DC-BFC1-90C96F62B72B},-119.7971033,34.01416833,460.9,1, ,0,0,0,0,880.0200195,0.238273993,580.4370117,5.097000122,24.1201992
245,2268,2269,2269,D:\Users\Wildlands\Desktop\QUTO\0F4A9602.jpg,0F4A9602.jpg,2015:05:04 09:22:45,65535,{F12A1D63-5A01-451F-9D57-1B2FC814FE48},-119.79895,34.015195,403,1, ,0,0,0,0,870.6129761,0.236443996,567.4370117,5.125400066,24.20240021
246,2276,2277,2277,D:\Users\Wildlands\Desktop\QUTO\0F4A9610.jpg,0F4A9610.jpg,2015:05:04 09:22:59,65535,{9826C07A-0722-4370-B886-CFAAA30D27D8},-119.7988617,34.01500667,399.4,1, ,0,0,0,0,870.6129761,0.236443996,567.4370117,5.125400066,24.20240021
247,2286,2287,2287,D:\Users\Wildlands\Desktop\QUTO\0F4A9625.jpg,0F4A9625.jpg,2015:05:04 09:23:15,65535,{A466F617-9F90-4FE0-9309-A86919926AEF},-119.8000283,34.01500833,399.7,1, ,0,0,0,0,870.6129761,0.236443996,567.4370117,5.125400066,24.20240021
248,2295,2296,2296,D:\Users\Wildlands\Desktop\QUTO\0F4A9649.jpg,0F4A9649.jpg,2015:05:04 09:23:44,65535,{E77653C1-F02B-4BAF-BB57-1C380730926E},-119.8020567,34.015605,369.9,1, ,0,0,0,0,856.46698,0.244508997,560.9530029,5.057099819,24.25029945
249,0,0,0, , , ,0, ,-119.8183327,33.98552014,0,0,"GPS data collected with Magellan GPS unit by Bean Lucas in 2006, mapped by using Tools -> Add XY data in ArcGIS, then buffered in ArcGIS with 4-meter buffer to approximate canopy cover",50.23490985,0.012413046,16787.51247,-447757.5447,962.460022,0.268662989,462.5870056,5.863399982,24.13540077
250,1,0,0, , , ,0, ,-119.6136258,34.00249365,0,0,"GPS data collected with Magellan GPS unit by Laura Kindsvater in 2006, mapped by using Tools -> Add XY data in ArcGIS, then buffered in ArcGIS with 4-meter buffer to approximate canopy cover",50.23490985,0.012413046,35695.02128,-445818.1653,932.9329834,0.36244899,514.7230225,8.436400414,23.4435997
251,2,0,0, , , ,0, ,-119.6135699,34.00313504,0,0,"GPS data collected with Magellan GPS unit by Laura Kindsvater in 2006, mapped by using Tools -> Add XY data in ArcGIS, then buffered in ArcGIS with 4-meter buffer to approximate canopy cover",50.23490985,0.012413046,35699.898,-445747,932.8430176,0.363853008,493.7999878,8.144100189,22.59020042
252,3,0,0, , , ,0, ,-119.6960648,34.02670525,0,0,"GPS data collected with Magellan GPS unit by Laura Kindsvater in 2006, mapped by using Tools -> Add XY data in ArcGIS, then buffered in ArcGIS with 4-meter buffer to approximate canopy cover",50.23490985,0.012413046,28070.59717,-443160.2539,948.7199707,0.146033004,421.303009,7.106299877,22.50219917
253,4,0,0, , , ,0, ,-119.7431674,33.98026333,0,0,"Derived from GPS point(s) recorded by either NPS staff or Laura Kindsvater using Trimble GPS units (most often TDC-2 model) 2001-2004, taken at edge of QUTO canopy or at corners of LK's releves.",50.22028153,0.012409432,23734.48075,-448324.5675,916.5200195,0.305637985,487.0100098,6.288799763,24.3628006
254,5,0,0, , , ,0, ,-119.8194861,33.99458199,0,0,"Derived from GPS point(s) recorded by either NPS staff or Laura Kindsvater using Trimble GPS units (most often TDC-2 model) 2001-2004, taken at edge of QUTO canopy or at corners of LK's releves.",50.22502903,0.012410605,16679.01828,-446752.5996,938.3569946,0.251493007,516.6229858,5.363699913,24.45709991
255,6,0,0, , , ,0, ,-119.6135284,34.00286876,0,0,"Derived from GPS point(s) recorded by either NPS staff or Laura Kindsvater using Trimble GPS units (most often TDC-2 model) 2001-2004, taken at edge of QUTO canopy or at corners of LK's releves.",50.21344616,0.012407743,35703.8515,-445776.52,932.8430176,0.363853008,493.7999878,8.144100189,22.59020042
256,7,0,0, , , ,0, ,-119.6132828,34.00287946,0,0,"Derived from GPS point(s) recorded by either NPS staff or Laura Kindsvater using Trimble GPS units (most often TDC-2 model) 2001-2004, taken at edge of QUTO canopy or at corners of LK's releves.",50.21338596,0.012407728,35726.52815,-445775.2412,932.8430176,0.363853008,493.7999878,8.144100189,22.59020042
257,8,0,0, , , ,0, ,-119.6136455,34.00299539,0,0,"Derived from GPS point(s) recorded by either NPS staff or Laura Kindsvater using Trimble GPS units (most often TDC-2 model) 2001-2004, taken at edge of QUTO canopy or at corners of LK's releves.",50.21344246,0.012407742,35692.97434,-445762.5184,932.8430176,0.363853008,493.7999878,8.144100189,22.59020042
258,9,0,0, , , ,0, ,-119.6159814,34.00347306,0,0,"Derived from GPS point(s) recorded by either NPS staff or Laura Kindsvater using Trimble GPS units (most often TDC-2 model) 2001-2004, taken at edge of QUTO canopy or at corners of LK's releves.",50.21359198,0.012407779,35476.96666,-445710.4119,934.6469727,0.375393987,508.5629883,8.331999779,23.27770042
259,10,0,0, , , ,0, ,-119.6158234,34.00358767,0,0,"Derived from GPS point(s) recorded by either NPS staff or Laura Kindsvater using Trimble GPS units (most often TDC-2 model) 2001-2004, taken at edge of QUTO canopy or at corners of LK's releves.",50.21359136,0.012407778,35491.51501,-445697.6399,934.6469727,0.375393987,508.5629883,8.331999779,23.27770042
260,11,0,0, , , ,0, ,-119.5948811,34.01141096,0,0,"Derived from GPS point(s) recorded by either NPS staff or Laura Kindsvater using Trimble GPS units (most often TDC-2 model) 2001-2004, taken at edge of QUTO canopy or at corners of LK's releves.",50.25846761,0.012418867,37422.4488,-444821.809,916.3599854,0.356655985,537.177002,8.238800049,22.41220093
261,12,0,0, , , ,0, ,-119.8047358,34.01078976,0,0,"Derived from GPS point(s) recorded by either NPS staff or Laura Kindsvater using Trimble GPS units (most often TDC-2 model) 2001-2004, taken at edge of QUTO canopy or at corners of LK's releves.",50.22452443,0.01241048,18038.11617,-444952.0931,871.710022,0.239412993,568.2999878,5.045300007,24.2451992
262,13,0,0, , , ,0, ,-119.8006883,34.01169865,0,0,"Derived from GPS point(s) recorded by either NPS staff or Laura Kindsvater using Trimble GPS units (most often TDC-2 model) 2001-2004, taken at edge of QUTO canopy or at corners of LK's releves.",50.22430504,0.012410426,18411.77605,-444850.4979,858.7999878,0.238335997,585.9829712,5.039800167,24.09620094
263,14,0,0, , , ,0, ,-119.6078154,34.01483327,0,0,"Derived from GPS point(s) recorded by either NPS staff or Laura Kindsvater using Trimble GPS units (most often TDC-2 model) 2001-2004, taken at edge of QUTO canopy or at corners of LK's releves.",50.21337379,0.012407725,36226.1257,-444447.2195,922.2030029,0.304996997,516.3629761,8.129099846,22.37030029
264,15,0,0, , , ,0, ,-119.6080228,34.01485603,0,0,"Derived from GPS point(s) recorded by either NPS staff or Laura Kindsvater using Trimble GPS units (most often TDC-2 model) 2001-2004, taken at edge of QUTO canopy or at corners of LK's releves.",100.3235183,0.024789941,36206.96519,-444444.7748,922.2030029,0.304996997,516.3629761,8.129099846,22.37030029
265,16,0,0, , , ,0, ,-119.6089571,34.01492062,0,0,"Derived from GPS point(s) recorded by either NPS staff or Laura Kindsvater using Trimble GPS units (most often TDC-2 model) 2001-2004, taken at edge of QUTO canopy or at corners of LK's releves.",50.21338235,0.012407727,36120.63659,-444437.9666,940.5570068,0.281971008,478.1900024,7.994900227,22.18090057
266,17,0,0, , , ,0, ,-119.6093198,34.01506718,0,0,"Derived from GPS point(s) recorded by either NPS staff or Laura Kindsvater using Trimble GPS units (most often TDC-2 model) 2001-2004, taken at edge of QUTO canopy or at corners of LK's releves.",50.21351221,0.012407759,36087.06348,-444421.8477,936.572998,0.275694996,481.7829895,7.943900108,22.11940002
267,18,0,0, , , ,0, ,-119.7902747,34.01430309,0,0,"Derived from GPS point(s) recorded by either NPS staff or Laura Kindsvater using Trimble GPS units (most often TDC-2 model) 2001-2004, taken at edge of QUTO canopy or at corners of LK's releves.",50.22372776,0.012410283,19373.05563,-444559.5284,900.3070068,0.225097001,580.4069824,5.041600227,24.18709946
268,19,0,0, , , ,0, ,-119.6075297,34.01694793,0,0,"Derived from GPS point(s) recorded by either NPS staff or Laura Kindsvater using Trimble GPS units (most often TDC-2 model) 2001-2004, taken at edge of QUTO canopy or at corners of LK's releves.",50.25930895,0.012419075,36251.54524,-444212.5455,924.7069702,0.30675599,511.7430115,8.029899597,22.32959938
269,20,0,0, , , ,0, ,-119.5788957,34.03506211,0,0,"Derived from GPS point(s) recorded by either NPS staff or Laura Kindsvater using Trimble GPS units (most often TDC-2 model) 2001-2004, taken at edge of QUTO canopy or at corners of LK's releves.",50.21211729,0.012407414,38887.37287,-442191.8913,949.8129883,0.274967015,430.3829956,7.517700195,21.60160065
270,21,0,0, , , ,0, ,-119.5792501,34.03521366,0,0,"Derived from GPS point(s) recorded by either NPS staff or Laura Kindsvater using Trimble GPS units (most often TDC-2 model) 2001-2004, taken at edge of QUTO canopy or at corners of LK's releves.",50.21222578,0.012407441,38854.57717,-442175.2263,942.0230103,0.240627006,442.6900024,7.647999763,21.95079994
271,22,0,0, , , ,0, ,-119.5748088,34.03669098,0,0,"Derived from GPS point(s) recorded by either NPS staff or Laura Kindsvater using Trimble GPS units (most often TDC-2 model) 2001-2004, taken at edge of QUTO canopy or at corners of LK's releves.",50.21196531,0.012407377,39263.9641,-442009.5242,936.5969849,0.238674,464.2399902,7.756100178,22.23110008
